,A,B,C,D
2017-12-29,-0.13406619026049071,-0.20910748459488443,0.28641384070040726,0.5418201319171443
2017-12-30,0.7418975548375818,0.9840583725234928,-1.1478268324303653,-1.3781597332847546
2017-12-31,1.5503269835710949,2.718999093436257,-1.0955197220127435,-1.1556293542881249
2018-01-01,1.7644858081366952,3.64306990673016,-2.026065531464522,-1.4099747535106852
2018-01-02,2.668664348641498,4.471291304161761,-1.6895096077051395,-2.648899123027658
2018-01-03,1.9345246618751362,4.279396053942446,-0.048407088945130905,-3.930031143353155
2018-01-04,0.12429641559051108,5.630394037542818,0.8362270583969803,-4.061289622277452
2018-01-05,0.15121440694808194,7.826466862606733,0.5389846338469606,-3.646603774611531
2018-01-06,0.9788778762128799,8.27132172544317,2.426252723946739,-2.7867205307494523
2018-01-07,-0.08948298243191843,7.660489572235328,2.433946631659718,-2.06699555015315
2018-01-08,-0.30040403352099543,6.586427546246025,4.359870937978943,-2.089794707321632
2018-01-09,0.7543662565413665,5.954775476588785,4.96491024108375,-2.0685686592028887
2018-01-10,0.3120284780648495,5.57210735575584,5.894614440727156,-1.7927122832951434
2018-01-11,1.0897446395466928,4.649972537774582,6.248501555336738,-0.7024864143205682
2018-01-12,1.968794662624203,3.747220275798897,8.14700167051848,1.0027944475878816
2018-01-13,1.248401228322675,4.9716796100002005,8.351993085099831,2.2569842795421007
2018-01-14,1.8006102295046724,4.917341134082484,6.989916908015923,2.5023947692015667
2018-01-15,0.3307115918251293,5.5879867861881465,7.863380527419252,3.582685101789483
2018-01-16,-0.007787795501899952,5.7347833887056385,7.5889329257070415,5.416969178814821
2018-01-17,1.1971216260863078,7.825098114962184,8.574698397404255,4.012989470784123
2018-01-18,0.7116993750937849,6.753260623715933,8.288690066446733,4.007509054850095
2018-01-19,1.2953578725221115,6.795675805520411,7.96195278892972,3.243909353873897
2018-01-20,2.5346171311154455,7.955854798770179,9.674978338067053,3.4597609189098026
2018-01-21,2.4856772657914803,8.139604688514938,11.843746998634765,3.585158807839779
2018-01-22,3.3846109207893402,7.780910032612188,12.627892248480986,1.3362819856236219
2018-01-23,2.4328337267323246,8.014995577186314,10.461438645169231,2.3047008077836386
2018-01-24,1.020167014746437,8.703122247171198,10.184178451151523,3.172398648435941
2018-01-25,2.4594133732186467,8.669536148087346,9.841072358873038,3.3767069596715227
2018-01-26,2.3663022908341502,8.419818877996857,9.285405813898915,3.7686464494391094
2018-01-27,1.7311633086636689,8.664518601410473,8.723802469642536,3.9252353628227303
2018-01-28,2.801739756682456,8.032376896722615,8.900132014423663,3.3255542141814933
2018-01-29,2.2212459883986764,9.221779198704937,9.55308310330286,3.081681478373543
2018-01-30,2.2474571255238662,8.442184872085047,9.49484829519456,3.3871767075967116
2018-01-31,0.35578460825635805,8.967348390876001,10.136723657250585,3.6278238594849856
2018-02-01,0.6989751416122018,10.286870027955278,9.890671151075093,4.150226051498764
2018-02-02,1.3948110734287011,10.392407307878758,9.881333681190096,5.893695805799491
2018-02-03,0.3122799983036535,11.6644972316607,10.193451955644532,4.5960806898568425
2018-02-04,0.7821156691275692,10.873323184950577,11.968683537932813,2.441392426403849
2018-02-05,-0.523679131167607,9.48677380791879,12.384938697925264,2.48042541269902
2018-02-06,-1.7009320463593993,8.123002233294816,14.255635399945419,2.5484019269045137
2018-02-07,-2.244721787184156,8.36270807476365,14.56527252744725,1.029791823783473
2018-02-08,-3.5868327514173783,9.065259471321905,14.243091748806094,0.7232280153301411
2018-02-09,-2.840191855918004,7.789013613549244,14.180532867570463,1.7712570313997895
2018-02-10,-3.1632899626969975,6.062616598122084,15.934640271307037,0.9682559017246518
2018-02-11,-3.3788170590679933,4.794912403670218,17.157869109621515,1.5446418847875767
2018-02-12,-3.9354357523439747,3.862495576071665,17.47981371444039,0.6779993280044908
2018-02-13,-2.3701090836231895,5.635393443599435,16.2729066009579,0.7469607811102982
2018-02-14,-4.070796339068381,6.28023225415404,15.280720657369477,1.2763158942106096
2018-02-15,-4.67193318217935,6.11325612925337,16.276752707263476,0.881788164489116
2018-02-16,-3.815629834297062,6.095046367894712,17.674828965714386,-0.621566213181633
2018-02-17,-3.594925255956965,6.195745964409825,17.588113117307277,0.4258577280345247
2018-02-18,-3.765267634507263,4.937826914035047,17.743007665008516,0.055333300249068906
2018-02-19,-2.397343867380911,3.8821417684400426,18.066315313232685,-1.412782240036143
2018-02-20,-2.4343491187384263,3.145355438812211,18.608306219265145,-1.2865607254078328
2018-02-21,-1.1115961883810488,4.8353886699653055,20.379665361786223,-2.2684790136233515
2018-02-22,0.18711837379579221,5.578451610991978,18.662618641688788,-0.9135957914030659
2018-02-23,0.538745045361211,7.2088848623893504,18.622557860303115,-1.8436577884045122
2018-02-24,0.5396656582204625,6.780575075802989,21.075495644214445,-0.8146820927811305
2018-02-25,1.7763717039039197,6.187477752504101,20.722505019316,-1.7031770398753454
2018-02-26,2.6703383459631214,4.595188339624266,20.353225888221946,-3.2153626042149375
2018-02-27,2.0281978490130914,5.268081734504118,20.702146862032027,-3.387440490710698
2018-02-28,2.3365814488899064,3.9223248996304227,20.56730465359509,-3.9673219775609665
2018-03-01,2.4198823286712527,3.8714789949322572,20.588454166765263,-5.205112960660809
2018-03-02,2.442851714223035,2.4824543803663914,22.020391144885284,-4.408410483909858
2018-03-03,4.02105309002106,2.196664789227495,20.48224489782106,-3.6618394868313575
2018-03-04,4.121743091795834,3.5850472984979325,21.545993080318958,-3.871202368173302
2018-03-05,3.8762468820772615,4.9411731885085395,19.49132732110181,-4.593433346399724
2018-03-06,3.636717033229807,3.9434851839905845,20.219422273578434,-4.09002053288051
2018-03-07,2.7843513782115212,3.4822571933837647,20.393232562547084,-3.6795282591007346
2018-03-08,3.2148876161895905,3.7574536667998055,20.2036170567896,-3.6047618185658954
2018-03-09,4.311517684157783,3.9288934053591786,20.565288562891087,-2.621922017094582
2018-03-10,4.42139270214515,3.0794074847346606,19.38046301733042,-3.284874898727908
2018-03-11,3.9721802186597164,2.3639360327771284,17.987464640840106,-1.7199266220642562
2018-03-12,4.043016061599034,2.5068671386391603,19.231249041907617,-0.9324192102123776
2018-03-13,2.852905195484939,2.642961276534277,18.802127347394144,-1.1523476315876853
2018-03-14,1.903551876728149,3.202852661644546,20.180566486587,-1.6530923895129601
2018-03-15,3.6705364417532937,1.5814278829332968,20.505694720821452,-2.1064474307783545
2018-03-16,3.642846096113582,1.176613539259967,21.022452000898305,-2.720065151469056
2018-03-17,3.5899258823039744,-0.9726292654978801,20.10476917952742,-1.966399775498036
2018-03-18,4.04096131804624,-2.0582897464872385,20.361921070195745,0.6815453746759692
2018-03-19,4.942920379377586,-2.8405331533065366,17.72210784450723,-0.1543957753071572
2018-03-20,4.453816689379924,-3.0575299491009806,17.09976569403731,-1.2082737098700087
2018-03-21,3.462109416165169,-3.0682877962990482,17.055084026851247,-1.444295748430003
2018-03-22,4.311492035596287,-3.5454547947385167,16.720522166332966,-2.029801554106391
2018-03-23,3.0368677094011343,-4.08589751943896,16.23329149411732,-1.1920583065879582
2018-03-24,3.2920592083560987,-4.487729670363616,15.48130107583745,-1.2427565217692171
2018-03-25,3.1254257177784823,-5.354862935769737,16.914446769241497,-3.3948383846315813
2018-03-26,2.444430609027281,-5.497456923140498,16.4306606701086,-1.8346936383236137
2018-03-27,-0.2219314919636033,-4.2627831918131776,16.625250089378127,-1.019759614806346
2018-03-28,-0.4817258978219482,-3.4236676194224684,16.206105399001068,-1.6216859033546314
2018-03-29,-0.44607218000445603,-4.930443963128716,17.728248133536702,-1.9528538057105085
2018-03-30,-0.051630414955759485,-5.233520338252262,19.617642135901757,-2.5156147283688375
2018-03-31,-2.1395565032219723,-8.131284150990739,19.073069805602497,-2.5716375192688115
2018-04-01,-2.293281462052385,-7.842824318416619,20.860796314877913,-2.0621408060195097
2018-04-02,-1.196052546644131,-7.46735239545179,22.23507636510113,-1.5903909044972466
2018-04-03,-1.5022684195810436,-6.378250093565566,22.318278548520333,-2.14688639065265
2018-04-04,-2.0122721966901587,-4.607955359798451,22.276740366695602,-0.838792456189142
2018-04-05,-1.3280994333668494,-6.163909848451814,23.489609758644832,-0.8095480015880447
2018-04-06,0.11244383921676548,-6.240545889070199,23.21736652123178,-0.2614889075224718
2018-04-07,0.32329156454218766,-5.514079478785778,23.569869247701707,0.5480422176429444
2018-04-08,1.7807770790881745,-4.10627252083197,22.40233605278582,2.106179254948934
2018-04-09,1.7673226082923748,-3.227065091085407,22.217568029983326,-1.577220328058214
2018-04-10,1.179229323222743,-3.999422432883786,21.96278829466765,-2.4321363944949765
2018-04-11,3.136527548715515,-3.447700205999509,21.826402525983926,-2.2388375028538894
2018-04-12,4.0735076436882425,-3.16672471095647,21.884566311206342,-4.175302570876347
2018-04-13,4.385957606133021,-3.9552280780280786,19.9263412070308,-5.824337356469007
2018-04-14,3.270157278842013,-3.0037276735493013,19.932252702324746,-4.399713464974943
2018-04-15,2.4354195479715197,-3.132021935426498,18.5629844790966,-4.714354463479896
2018-04-16,1.791750508628477,-3.592962612130421,17.626433441032724,-3.748114236635002
2018-04-17,0.9944088846448191,-4.7529378351264295,15.337372536405809,-3.258714207087128
2018-04-18,0.42826290355557073,-4.12390138745533,16.69747271405029,-5.44557759239039
2018-04-19,0.912347980277264,-4.984722757867068,15.573910722579324,-6.416672462860934
2018-04-20,1.402671632186867,-4.0596350624298685,15.75213224386872,-5.353432260038815
2018-04-21,2.240340410364955,-4.221321493753243,15.308509649458838,-3.950568787959763
2018-04-22,2.6854114749335385,-4.001645410587645,15.263136891435977,-4.051001981477503
2018-04-23,1.6991296374862732,-2.654271272240466,15.208498680382709,-2.9955844301656267
2018-04-24,2.6709675148317586,-1.8086407017871768,14.615721664025264,-1.3738649887961276
2018-04-25,3.014713876165593,-1.1451062281533149,14.978795514158648,-1.8292041936534358
2018-04-26,2.705898292249388,-1.2462806897070087,15.578955484929525,-2.772105248175512
2018-04-27,1.9951865733358947,-0.22639091186862736,18.315684197092065,-3.7558347645918264
2018-04-28,2.5917328423544923,-1.224471199483781,18.39212306251733,-4.498877394299932
2018-04-29,2.393967494456751,-1.1143063237468387,19.60811207546058,-5.336579980037421
2018-04-30,2.7310256570724105,-0.5528428914023724,20.37745600876338,-5.4246106855196
2018-05-01,2.4302880479529723,0.0355540918867826,21.513284815488678,-4.986619567319769
2018-05-02,0.3356368470279856,-0.6555483332340559,20.664354940211872,-2.543724866724776
2018-05-03,0.739936304575026,-2.6200209163847568,21.21490058928285,-4.594618316141702
2018-05-04,-1.0728069129171984,-2.754204578740562,19.99580541265991,-5.7514162338733685
2018-05-05,-0.21366323846034052,-2.002039847887625,19.114253142936477,-5.550882261283378
2018-05-06,0.14269986703020826,-1.7258773349713068,18.025692533692123,-5.501909718906276
2018-05-07,1.0681008622771317,-0.8432140157168472,18.807723275641884,-4.281502523302875
2018-05-08,-1.0398332588202996,-0.29479610943567325,20.754895101188183,-3.206511363943819
2018-05-09,-1.009474492943472,0.06112748268595236,20.976126646088986,-3.444360117901681
2018-05-10,-1.2270517377029655,0.5449603395205808,20.784805543087035,-3.349832246779059
2018-05-11,-3.6866945570376926,1.0473957868172148,20.830702902276357,-1.990467537502953
2018-05-12,-2.109214213189901,-1.5274103119340894,21.049151734892494,-1.7085102242666383
2018-05-13,-1.1910217281069908,-1.9729847674333671,21.314888818921734,-2.451670155477999
2018-05-14,-1.6302376623095243,-2.0813105440383866,22.47572074524338,-1.4934940418688896
2018-05-15,-2.0806424145284854,-2.3555312884889386,21.877421845857523,-2.0656992202884514
2018-05-16,-1.408887021063077,-4.682622999841663,20.734024788954265,-1.1377467532864882
2018-05-17,-1.5168037969818429,-3.371482728762929,19.892873045147738,-1.289641454796704
2018-05-18,-2.2332454157709476,-4.563338236257893,21.600110541634994,-0.859914169236015
2018-05-19,-3.142095841868993,-3.2780105039633773,21.818300905711343,-1.9380362842343792
2018-05-20,-4.591943713154407,-4.5672715762795,20.893736678413056,-1.2677825030312446
2018-05-21,-4.932917856784624,-3.1902873634332236,20.62334013780339,-0.8206756934878627
2018-05-22,-4.60225902803018,-4.272531393639895,20.21302503547205,-2.626799264217791
2018-05-23,-4.9464124590011185,-4.909747369637222,18.708781750896495,-4.6639667577359365
2018-05-24,-4.797124749656435,-2.926858134337916,18.91617130281179,-4.117427629219456
2018-05-25,-3.8328598846927453,-2.5188999509296743,17.248382829256546,-3.95719967240027
2018-05-26,-3.976730271408699,-3.510044085325257,14.048340288576487,-3.9024542009529974
2018-05-27,-2.8906434035878608,-4.037789788284994,14.451784483139479,-3.688539149725148
2018-05-28,-2.8655106369234584,-4.657482458576928,13.67081020091324,-5.523737542900071
2018-05-29,-2.48343931653362,-6.404949307980982,13.310665471123187,-4.1216385347030515
2018-05-30,-2.945566192849381,-7.012443668723465,12.616415152161263,-2.896062447681473
2018-05-31,-3.3998546441176765,-5.785757976473899,13.308310852862917,-1.4960501174668168
2018-06-01,-4.479211498382175,-4.757581865519356,13.685511967442693,-0.9447085182434163
2018-06-02,-4.400305270547287,-4.843840997574854,14.610591727244703,-0.8949321309088253
2018-06-03,-2.392255046806817,-5.388930513692177,14.97912122182539,-1.3581664492657928
2018-06-04,-2.324623427971416,-4.95484901335452,16.05973638372063,-1.7258359600827404
2018-06-05,-2.6781564464318746,-3.3060590026354104,16.974702873524052,-2.4303411133569157
2018-06-06,-4.871641601162098,-1.6520198698343773,16.728826412944155,-2.338669677102634
2018-06-07,-4.841375038724267,-0.7444447188092341,18.05062034682078,-1.9806453228588472
2018-06-08,-5.081389008368393,0.30768846406865535,18.059873440795457,-2.653586718868038
2018-06-09,-5.377898476460631,-1.0277136591529574,18.763112359583136,-1.397596756226554
2018-06-10,-6.392239509644278,-2.3871012184905664,18.8333208000102,-2.5232497514096517
2018-06-11,-4.702252399621416,-3.356905945766442,18.498228884562494,-2.635403129852772
2018-06-12,-4.470836668791705,-3.9044752357433756,18.021742078259628,-3.1772442871212503
2018-06-13,-3.542577807718063,-4.403063361326707,17.765354068762157,-2.743146991412421
2018-06-14,-4.62386629034654,-2.7976428260785915,15.10618872658672,-3.569376308634351
2018-06-15,-3.2985987134189747,-1.80973026556017,13.660940012067133,-3.5556121994297905
2018-06-16,-4.069444706837152,-0.2143159495406577,15.095570807808688,-2.389498198777349
2018-06-17,-5.463309900272491,-0.8156468654204682,14.850885832038385,-3.4558273967544553
2018-06-18,-5.941799201310373,1.0539400454668622,15.29927858574906,-3.3439828330015793
2018-06-19,-4.566743497014944,2.0899466992909996,15.055069823469168,-4.169944682867865
2018-06-20,-5.363747508847792,2.8439326674950656,14.911349607344832,-3.9807668322319443
2018-06-21,-6.692920739275769,2.7749616307677667,13.524674658850893,-4.594202377022092
2018-06-22,-6.519566824586752,2.8144791613878524,14.331948923294327,-4.056534253208729
2018-06-23,-4.727819592668091,1.0816624400711015,13.774855535015218,-6.0114093779005024
2018-06-24,-5.166666722045808,-0.3718368772560612,12.800967597277213,-6.702598597491066
2018-06-25,-3.7664072053775044,0.2805130379871791,14.17822630467327,-5.836975488722855
2018-06-26,-4.717284568874823,0.831198076554216,14.588594055327915,-6.6742823161097355
2018-06-27,-5.103845898324043,0.2206936358803011,14.548262748292549,-6.7422018548147635
2018-06-28,-5.36791200555797,-0.08757876626614752,15.786507906150826,-6.321859623182027
2018-06-29,-3.787957071171159,0.7550551481694632,15.542318040594795,-5.05356784040143
2018-06-30,-4.869870060153935,0.8246495637893221,12.153030445449122,-6.792748686346951
2018-07-01,-5.8557909355264846,0.04697063405536195,12.54990781375461,-7.524714367783501
2018-07-02,-6.947809770772579,-0.8618581735404882,11.400718326196495,-6.523023659466377
2018-07-03,-5.521878787173665,-0.9498067788780957,11.405447957345288,-6.397581139022662
2018-07-04,-4.155305902914648,0.24293977802898126,11.992090549008028,-5.980926623899897
2018-07-05,-3.4944556749357143,-0.6173621701815698,10.053728398899556,-4.664899044188503
2018-07-06,-3.709961343200812,-2.0385865327704957,10.914359965084191,-4.411876111284265
2018-07-07,-4.292320189791263,-0.09126059998225311,10.604907063195206,-4.471587162274548
2018-07-08,-3.439523966239458,-0.19170849345573623,8.067640575035368,-6.103436193257509
2018-07-09,-4.266069061225024,0.24607035381425654,7.901315410634937,-7.637186418494915
2018-07-10,-5.0716943999093855,0.27108075855926433,8.603758702952582,-6.688435744934752
2018-07-11,-6.155205699371758,0.5684101126687684,7.968650220451476,-7.074471778224738
2018-07-12,-6.700527236265708,0.5922356892045677,7.79464835044857,-5.574593088552862
2018-07-13,-5.601269266492852,1.1195706803835848,7.456587069317584,-6.923971114905995
2018-07-14,-4.09316542344136,0.788753747734033,5.617681807132914,-10.08866976275717
2018-07-15,-2.776493878306655,1.3393778074558647,7.063473496534934,-10.438284304779634
2018-07-16,-1.7371531162259406,4.3139707378953815,5.967211122734393,-11.658699565055619
2018-07-17,-1.253513072315065,5.526297329595941,7.724489097891871,-11.761490202954162
2018-07-18,0.018580131687293555,5.71678239143316,6.548450098651793,-12.897588069284998
2018-07-19,0.6745614693001251,5.2524073395144795,6.619740150583639,-13.341634515363586
2018-07-20,-0.24348069782269377,5.657128774157351,6.9569019753285914,-12.572683083975605
2018-07-21,0.15114701762258748,6.116816111529037,6.7160636991845335,-12.738319958068079
2018-07-22,-0.5311925177050809,5.057528397383097,6.815457940938066,-13.469050821965345
2018-07-23,-2.1403868225099085,5.033332401179724,7.627581874029575,-14.19655466652569
2018-07-24,-3.0866730244247513,6.6108303751587085,6.077962425001007,-14.837750584128623
2018-07-25,-3.7250900089782926,6.1239849276096106,5.149286394469681,-12.566803357393333
2018-07-26,-5.808204768166075,5.41627583250325,5.373313400714223,-11.9637353686574
2018-07-27,-4.737435087606174,6.007429882592242,5.241937881488934,-12.662535803670979
2018-07-28,-4.813805306590579,6.174366392231667,5.363162455766043,-10.467700577884205
2018-07-29,-2.741096201181026,6.954193500233538,3.6094509639394436,-12.376970836854747
2018-07-30,-2.7534146491792977,5.745471074411782,3.705673517562641,-12.32823090059547
2018-07-31,-3.7811995148981588,6.287785786283747,3.645368338148579,-12.46979683536965
2018-08-01,-3.9430758201563942,8.300037717403313,5.035182133659045,-13.498028846646726
2018-08-02,-5.207783608684498,8.2025029249963,4.1744150616039235,-12.701326706505892
2018-08-03,-5.436801619263574,7.068247435795717,6.341086992599408,-12.91604716089301
2018-08-04,-5.353277885683723,5.162335766991436,5.158905034991405,-14.001801589172281
2018-08-05,-3.164014725507706,5.9698858349551465,6.485710837283575,-14.460410693926733
2018-08-06,-2.95892149229037,7.855089151515983,3.598275931896785,-13.58772699197457
2018-08-07,-2.5420174803783535,8.55498437511024,1.9088135416087535,-14.727039312794934
2018-08-08,-2.2854673223615714,9.661921566697234,2.2992888842135084,-15.738482170049293
2018-08-09,-2.4344569151078135,9.3042197254828,3.6917621409007504,-14.833002500317885
2018-08-10,-4.573011340868362,9.97783096170626,2.318790927210964,-16.93117879176123
2018-08-11,-4.582457977576599,9.852825769073245,2.0344415207136155,-14.997158790406347
2018-08-12,-4.055357969112867,7.210891706231556,3.3138404577436775,-13.577567557180286
2018-08-13,-4.307592926371504,8.401481907175908,3.2980554272753007,-12.486256823691356
2018-08-14,-3.963673994655913,8.55507929271602,4.011949572143432,-12.546940785957943
2018-08-15,-4.947561387897617,8.659507447819886,3.650966089267011,-14.496649903727391
2018-08-16,-5.594120465868386,10.038294910203492,3.7673317061553115,-14.022880551386622
2018-08-17,-8.064779787381438,10.353468143033119,2.004183301083078,-13.048623995689026
2018-08-18,-8.318351239718352,10.640122854249459,0.9491852524827438,-13.17083339737613
2018-08-19,-9.473071098075584,9.977736730895492,-0.030043449227695418,-11.641249571136749
2018-08-20,-7.705430483721037,11.092720686814992,0.15593782174080004,-13.40871536710076
2018-08-21,-5.908693967624612,9.93069871899997,-1.5650591624623569,-13.90744362967903
2018-08-22,-6.293613655814586,8.729126948452606,-1.443608450585508,-13.608732478485015
2018-08-23,-6.708222824153255,6.595585880188471,-1.0168790581474672,-12.335164075518566
2018-08-24,-6.866198445458963,4.909843324242846,-0.5081851683383638,-13.242433685316637
2018-08-25,-6.843746113776815,2.788132385127914,-1.0860279248567806,-14.395498273105835
2018-08-26,-4.918169034615456,2.437733169213584,-2.364780150608209,-15.473173571683294
2018-08-27,-5.189077065082482,1.6620500652688812,-3.440947913316961,-15.589606907955153
2018-08-28,-5.281938277288102,2.8315925535771784,-3.9180713688926634,-17.67757624327855
2018-08-29,-3.9176396943520793,2.5274223248343013,-4.825271672641199,-18.29442776860755
2018-08-30,-4.5638709371629105,2.2130128817986225,-4.198085737618971,-19.790639240176713
2018-08-31,-5.5086592564904135,0.4321237222321139,-4.905715436622508,-20.98960839333227
2018-09-01,-6.576381231099715,1.3672557251604847,-3.5670955182137005,-19.765234669621112
2018-09-02,-5.951460878216336,2.7333256380240396,-4.075746560517307,-21.565916820264242
2018-09-03,-6.334764597652168,0.33124354752035234,-5.908660052006319,-20.96059255170121
2018-09-04,-6.830123089250397,1.606120303819095,-5.368635726377487,-20.955257640798518
2018-09-05,-7.727396870025087,1.3467202524372568,-6.3419209657218065,-20.062150005425366
2018-09-06,-7.36947594567667,1.228230233219084,-6.500470652802132,-20.869324164802446
2018-09-07,-7.028431283996216,2.357637171498353,-6.552942847384397,-20.95495897446316
2018-09-08,-6.66097812438454,3.109470719976167,-6.554421889104353,-21.996202703074278
2018-09-09,-6.046840853018686,3.8151223492179245,-5.7697174303765095,-21.876177052563705
2018-09-10,-7.563352977236658,4.08153017961111,-6.075586940722015,-19.885472226906646
2018-09-11,-7.306447058526855,4.25428975931691,-5.695860870818683,-21.06733465339738
2018-09-12,-7.887380067430808,4.365085448802789,-5.955292804648751,-22.709906934209062
2018-09-13,-8.910014930601358,3.8015103364132337,-5.332291546793152,-21.83419437060841
2018-09-14,-10.473681708779033,3.8450082880887893,-4.608489960581795,-21.227587836621446
2018-09-15,-8.86442556096105,3.512284042815104,-4.914955874527007,-20.321422124375964
2018-09-16,-9.625434328426715,1.9670708717050451,-4.210835208282956,-19.99704842961631
2018-09-17,-9.807515293741222,3.0442276812750917,-3.2742774256411806,-20.83181041687443
2018-09-18,-10.169605077892992,2.8693534583409677,-4.043979181759327,-20.795305370075337
2018-09-19,-11.264692086676702,2.810038188786773,-2.728322694617996,-22.348765191183034
2018-09-20,-11.635813189050625,3.1023450939522514,-2.9878391409844585,-22.725592764818693
2018-09-21,-10.405529272882838,2.73474269333761,-5.137425839043297,-21.97220111399656
2018-09-22,-9.340097095920788,2.3071472713453947,-7.475562203462928,-21.192262706348938
2018-09-23,-9.530663798639644,3.089360216519293,-8.327920383827832,-21.89349997418106
2018-09-24,-9.60762817560356,1.4777001430019776,-7.072193786087171,-22.470253673047438
2018-09-25,-10.831916622887764,0.5699656870098122,-8.279034140368724,-21.97918487057656
2018-09-26,-11.396169574926466,0.4182763574162416,-6.845781907436555,-23.505670047364752
2018-09-27,-12.272060583288887,1.547461968108755,-7.531429290684937,-23.225330987384663
2018-09-28,-11.500507040630575,1.8338622962463238,-7.218095174819338,-23.342860131927697
2018-09-29,-11.149458049845197,0.04748746828457295,-7.092868838575081,-21.7793455598281
2018-09-30,-11.968189393069055,-0.6826967061053245,-4.809088630699851,-22.477376207964543
2018-10-01,-12.28431039258478,-0.39179097708689886,-5.2657465424149486,-22.943273294976894
2018-10-02,-14.39734936132601,1.0766850465754387,-4.830372001540115,-22.887354526436276
2018-10-03,-14.029994367510671,1.8955489206790648,-5.074284297706024,-24.3486965710866
2018-10-04,-13.584210171662413,0.7308782392148827,-4.943436267424442,-23.881153448463216
2018-10-05,-13.589187987099962,1.2418380316465365,-4.070298649597639,-24.94415060550827
2018-10-06,-13.09652126692786,2.297926966323174,-4.310764624766577,-22.3630201480612
2018-10-07,-12.885454993897639,2.8043410060540914,-5.292835934705997,-23.06346618563133
2018-10-08,-13.043634573598045,3.0722365298954193,-4.273229736376587,-23.096726146109063
2018-10-09,-12.566338610796285,2.3452208897209417,-3.249030513896339,-23.450635163028448
2018-10-10,-13.665471349846033,2.0252740939768685,-2.2734967013467178,-25.711952423240042
2018-10-11,-12.239770091806756,0.39619191269120524,-3.64556809728227,-24.223859411690018
2018-10-12,-11.418978340217032,-0.8045053906862556,-3.7321568771623017,-25.605275366268188
2018-10-13,-13.60578693558994,1.3457282184818693,-3.3816745185530817,-25.57322742994132
2018-10-14,-14.330126871350506,1.952351777209154,-3.574189276247387,-26.739675973952913
2018-10-15,-15.34596540518787,2.691739988955397,-2.8677709467134815,-26.746996157889487
2018-10-16,-13.549552089089785,3.4627544967287527,-2.437906549617239,-27.083401638444887
2018-10-17,-14.735426671504218,3.4689525182262413,-1.5873184052359834,-26.642937392762374
2018-10-18,-14.660789555902074,2.4907837893954,-1.166345287153219,-27.143859901333308
2018-10-19,-13.586409397027941,2.761542518182329,-1.2316555160686793,-27.172389222707793
2018-10-20,-13.972916173555937,1.4385097395181061,-0.8528170635659227,-26.431702251388295
2018-10-21,-14.117046560895549,0.43902953739043393,-0.9296940856239858,-27.752784990107408
2018-10-22,-14.481292498695192,1.9399157420552329,-1.3479220479213812,-29.019614011768237
2018-10-23,-14.502993492650281,3.180391423081238,0.3466890357400436,-29.326195892158452
2018-10-24,-13.940284303616568,2.9670658911829353,0.027522068469222172,-29.447122054570322
2018-10-25,-13.589443787920064,3.3758732045177626,-0.12299321731784627,-29.8498902211201
2018-10-26,-15.00060965049737,1.5718879718995653,-1.845800426846777,-30.035839928575818
2018-10-27,-14.857115248598257,1.035794294568746,-0.7945006614877113,-31.013086772303943
2018-10-28,-13.566079910121193,2.3006060521315734,-0.4126596127877776,-29.738908861526664
2018-10-29,-12.683956696398923,1.8126263897388994,0.20017851389762958,-29.60578052990184
2018-10-30,-11.817799933141885,1.7915489897060688,-1.4754963494421758,-29.654054921541523
2018-10-31,-12.588747490655493,2.6260121808616828,-2.3671893350976583,-30.359667782078432
2018-11-01,-11.89038250931012,2.4013081192223416,-3.436980401278568,-31.689192088578658
2018-11-02,-12.210143581060102,3.4908796935016237,-1.811935160655712,-30.410021437178234
2018-11-03,-12.645979947658692,1.855647084921332,-1.5094905542806565,-31.287150495474666
2018-11-04,-11.882638528888728,1.3773757559897404,-0.9283173301198052,-32.30905786294257
2018-11-05,-11.176946274524163,0.8619501331604676,-1.7138657942028552,-31.25918026055059
2018-11-06,-10.936694634767411,0.7063155680826294,-1.7462606687039157,-30.960962163982984
2018-11-07,-10.917657645472259,0.8257216678839365,-3.5233172931103702,-29.929701428339296
2018-11-08,-10.908849760171297,0.4703340281854899,-4.633531731483297,-29.21297625500043
2018-11-09,-9.484045632456043,0.06495465254752203,-4.215431644080054,-28.82242269734929
2018-11-10,-10.971172730941474,0.8205787833579226,-3.644291477281876,-28.998795231946424
2018-11-11,-12.236717518050963,0.7535406529502888,-2.836307177144837,-28.535458493880647
2018-11-12,-10.267471475995508,1.622218203677718,-3.601186273086514,-27.60687364507302
2018-11-13,-9.228888262551541,0.8724360933378129,-4.2903046414244965,-27.4235367682235
2018-11-14,-9.051413535451978,-0.25724504009415117,-3.5414778188309817,-26.056615633257007
2018-11-15,-7.925896115063059,-1.1751189670238287,-4.316511852857986,-25.46254829479674
2018-11-16,-6.3284893599014715,-0.6839160597399776,-4.275819304623854,-25.585177549023708
2018-11-17,-7.801225189444185,-1.1879544941664861,-2.5557601055706907,-26.69161559598724
2018-11-18,-7.488821455892528,-0.6875017735097614,-2.050503289137551,-27.309782435629295
2018-11-19,-7.551314028356407,-0.916883459817355,-1.8599230875358375,-27.368114946920155
2018-11-20,-7.310733617544171,-1.0074175681553317,-3.3692218901989968,-27.355709514730407
2018-11-21,-7.6798919394157705,-0.5108687147163282,-1.9450790186649254,-26.902605807905875
2018-11-22,-7.19454719811888,0.8865360642522901,-2.9371001917464854,-26.342888825658143
2018-11-23,-7.025895925979477,-0.5290795868937535,-2.936320197407825,-26.712164255576123
2018-11-24,-6.365164106762377,0.110137151869387,-3.105359075154417,-28.112441315131218
2018-11-25,-5.593842055435729,-0.06156627327162395,-2.4537030473089048,-27.680488068273124
2018-11-26,-6.032682274736934,-0.7238098605736112,-4.640643666822234,-29.14875122043173
2018-11-27,-5.1478484136018405,-0.9048728223166858,-6.101429885230399,-30.640471969633904
2018-11-28,-5.813012804351816,-2.9689677898533953,-6.330952551590528,-30.367255115840095
2018-11-29,-5.433279284358974,-4.070926084529905,-6.4167899376602175,-30.35363755543252
2018-11-30,-9.210829437154798,-4.031328323265515,-8.027742499457256,-29.89163893512491
2018-12-01,-10.718800904182874,-3.6622760106871084,-8.705334826759254,-29.690728148535634
2018-12-02,-11.107704961520055,-2.390803325955442,-8.71508958163314,-27.909530962626107
2018-12-03,-9.747443307905007,-2.0355267636175567,-6.45006374926313,-28.342134100852366
2018-12-04,-9.19719803497964,-2.321922104573609,-7.402821375339773,-28.47814060543576
2018-12-05,-10.180070184924439,-2.4342321071757667,-8.024102871422203,-28.642700269983678
2018-12-06,-10.321586123844254,-2.792801685831585,-7.350552266069657,-27.577940590095263
2018-12-07,-9.247852275868361,-3.2309117710622313,-8.087417259944017,-27.481679688946542
2018-12-08,-9.582941635313507,-3.4085065176644656,-6.678738596201957,-26.793678734248537
2018-12-09,-10.084375605382407,-4.90590799380877,-6.394421599914286,-25.613943990345103
2018-12-10,-9.216805985081454,-4.5821509768308175,-7.562789624138651,-24.678386896560614
2018-12-11,-8.164061761717853,-6.212973253746256,-8.359410622488385,-23.969564765701943
2018-12-12,-7.247781974344562,-5.159198590639347,-6.265556529350011,-24.663259441503293
2018-12-13,-7.610040969599165,-5.423812011348702,-7.057296471445274,-26.571209855891937
2018-12-14,-7.316588689017654,-7.222371692189087,-8.076583552247142,-26.62271910367333
2018-12-15,-7.53036724366764,-5.8973563482575,-10.365952285032417,-26.427994393088362
2018-12-16,-7.9786370014887025,-8.04417487457167,-9.605286187908325,-24.331953768897367
2018-12-17,-7.484821857626033,-9.143922893438603,-9.494879606864595,-23.489496326487473
2018-12-18,-7.122204744069398,-9.667717264128557,-10.119454115539414,-24.423766193582995
2018-12-19,-6.562597095924067,-8.304504198269873,-8.469955548900042,-23.821277664528818
2018-12-20,-5.595288945117507,-7.363696613795227,-8.814217276345893,-25.745216547371854
2018-12-21,-6.408809600236542,-6.944402390608584,-10.425895321454473,-25.02466983806882
2018-12-22,-5.210040434203199,-6.147179063417595,-9.71614237044209,-25.597396091568363
2018-12-23,-4.686106038380289,-4.438565011407371,-9.950060747953557,-23.855691013572436
2018-12-24,-2.8351767624228823,-2.4690861735842993,-11.05239617236053,-23.01017127719809
2018-12-25,-2.950441020199316,-0.6602680133812227,-10.97664154271172,-24.267550903459895
2018-12-26,-2.813425562511096,-1.6714532981697965,-10.290957386245342,-23.446262295583626
2018-12-27,-3.8573881425673107,-1.3370895280038169,-10.165402742761827,-23.296930586797632
2018-12-28,-4.255605474851308,-3.328760415180136,-10.307619070002076,-24.010956035374647
2018-12-29,-4.949950708370561,-3.0221328753339836,-10.646175093090738,-23.99486931430364
2018-12-30,-5.2086840386049955,-1.7381432129341896,-10.32714236855865,-24.816705334225375
2018-12-31,-4.827806663739236,-1.0316500328475442,-11.153228122942874,-24.14426113044449
2019-01-01,-3.5335498194824932,-1.4164265179905198,-11.815392775621858,-24.368851472395665
2019-01-02,-4.875843781901908,-0.6364169402149836,-11.610041556314812,-25.72690256805941
2019-01-03,-5.4478787753878,-0.8248673453817726,-10.453274895848047,-25.575073627345915
2019-01-04,-6.44746851999526,1.2197102920383989,-10.585258205741345,-26.446261132538446
2019-01-05,-5.948067344206186,1.6250778407988367,-11.818704723580192,-25.154605140042225
2019-01-06,-2.8573119268307137,1.3152430288352865,-11.724690552997165,-25.02051853060078
2019-01-07,-3.3893769971245744,-0.12240291877874676,-11.42425740602137,-27.785876494890623
2019-01-08,-3.5804003261396984,0.15254523817169885,-11.533884194581194,-27.175308787974284
2019-01-09,-3.109723318598858,-0.6937249494142357,-9.907161442679602,-27.377031202137825
2019-01-10,-3.9613153590190993,-0.01637683402872614,-9.572428098039676,-27.272512967573576
2019-01-11,-5.185133274611381,-0.814178538340835,-9.206970946270069,-27.95365033609465
2019-01-12,-4.655227587744295,-1.1143864463790079,-7.9564595798938385,-29.866368535195328
2019-01-13,-3.9334164146970276,-1.0650409838842656,-7.521424588414854,-27.63975199498562
2019-01-14,-5.31636377737929,-1.9169042500722866,-6.972618699736821,-26.44972682905614
2019-01-15,-6.047694059495757,-1.4936430760513444,-8.6507521310441,-25.155427964710874
2019-01-16,-6.369504414259631,-0.9103910382718097,-7.3326017534817955,-25.67595177945983
2019-01-17,-7.202299365077713,-0.7048197449274244,-5.973790068824931,-24.762278478427586
2019-01-18,-5.964201858299566,-1.4440175939278643,-7.028517672576499,-23.213385055508525
2019-01-19,-6.158017870529511,-1.4986456318307582,-7.314558834945258,-23.615427509022858
2019-01-20,-5.135945837354729,-3.028483164850937,-7.4941475874008985,-23.09904561704315
2019-01-21,-5.3687303020167505,-2.536311100509058,-6.795147861998563,-24.398473017097928
2019-01-22,-5.053124436615746,-1.820036517567127,-5.891123372704168,-26.680094740617278
2019-01-23,-4.396895367824273,-2.5761990669743042,-5.424806991618078,-25.954965111253006
2019-01-24,-4.831807016698299,-3.239104188300912,-5.8047554450214545,-27.898905852974227
2019-01-25,-5.948797356947729,-2.7520302436790196,-7.376306736818879,-28.349434437851592
2019-01-26,-6.215520787687164,-4.699714370599723,-7.063010142273887,-27.126894082706137
2019-01-27,-6.113015382331669,-4.4367300903285365,-6.890791289119819,-26.79092388060886
2019-01-28,-6.346645512242382,-4.760608113540078,-6.685422884873711,-27.758359240647884
2019-01-29,-5.542751503139206,-3.7203317878819346,-6.528743269498681,-28.40649392951981
2019-01-30,-5.810794352440763,-4.137446278102753,-6.9534025603198675,-28.728159479997554
2019-01-31,-6.778473798325446,-4.955612352074146,-4.858862570870999,-29.164226267673556
2019-02-01,-5.707596914658755,-4.809584025290051,-4.7597905871196575,-29.452774680737758
2019-02-02,-4.380806920584167,-4.751673326679627,-4.365472271455305,-29.25237301609845
2019-02-03,-5.784764060719389,-3.3163911422922974,-3.6503979724759192,-29.42039023617473
2019-02-04,-6.2204258907661805,-3.286339089793457,-2.407495699911257,-29.54883415237615
2019-02-05,-6.003523393595466,-3.75266449985567,-2.329302841944839,-29.5453184908844
2019-02-06,-4.509482641079611,-4.20305102796289,-1.5109694476626767,-29.469782086018125
2019-02-07,-6.072348083005859,-3.348545155285456,-1.4987650940204564,-27.63546275955062
2019-02-08,-5.819431718260702,-3.887274058103112,-3.04682790815507,-27.531766513583367
2019-02-09,-5.079439593278363,-3.4054295327319353,-3.5924351881441425,-26.80383943982223
2019-02-10,-6.913967617980162,-3.3698920640628423,-4.5772974398719395,-27.634908179471566
2019-02-11,-7.058208717896134,-3.7369360436067587,-4.68781755152589,-26.95497030186013
2019-02-12,-7.075818248111366,-4.810203089583588,-5.96502790751309,-26.721142909393585
2019-02-13,-7.351684169946308,-2.9514440150011536,-5.9918716025915115,-27.196045888094943
2019-02-14,-7.454314864731533,-1.973699169654398,-4.564616788058536,-27.104714298624753
2019-02-15,-7.821794759642792,-1.4904918304668184,-5.104996045927246,-26.424255221788496
2019-02-16,-9.374281371690845,-2.248971442493998,-4.7890895849692345,-28.470759716732026
2019-02-17,-9.845319272592624,-1.892192364124196,-5.758664571143983,-29.474707427682088
2019-02-18,-10.125916684760437,-1.8960413657342943,-4.392837241016181,-28.929409517378957
2019-02-19,-10.443402152446774,-2.171152257596287,-3.83121055450862,-29.383581355857217
2019-02-20,-11.077081498094445,-2.2249074982989177,-3.267771398739166,-27.401488549509015
2019-02-21,-10.242244344593894,-3.148052082227501,-2.148406133822958,-27.457495918174914
2019-02-22,-8.928257373212729,-2.4348484647348108,-2.0477858322350206,-26.57194594819687
2019-02-23,-7.613778737906044,-4.189872950648832,-2.843377172582291,-24.918217560226168
2019-02-24,-6.926094495990039,-5.462439818547408,-2.903672432215375,-24.071907604024997
2019-02-25,-5.461383514916214,-4.550003879903718,-1.8016045099986138,-24.301794741799338
2019-02-26,-6.614706832933807,-4.505678472056857,-1.7209314590903544,-22.646014135323057
2019-02-27,-8.04822277718328,-4.654588401568799,-3.2408206238459565,-23.47484834367545
2019-02-28,-8.121645371837173,-3.817479100169622,-4.014809246794643,-25.04497261972748
2019-03-01,-10.515156925385588,-3.566677520405519,-1.9140789657604849,-25.7455515094174
2019-03-02,-10.7388471401568,-2.9913323801597897,-1.5008472649622262,-27.641542503852826
2019-03-03,-10.01817487679975,-4.809886417982157,-2.0416413218391845,-27.808183019929945
2019-03-04,-9.943986501278184,-3.954820071487367,-2.656091705703804,-28.759599025169543
2019-03-05,-11.012267135742553,-2.0025485661170848,-2.2526812459192556,-27.125805417987404
2019-03-06,-10.25025281823522,-3.8601677896116144,-3.953264478353285,-26.614758801030106
2019-03-07,-9.36676899470468,-4.352792820895887,-5.582691381792176,-27.24771305893898
2019-03-08,-7.55465137034519,-5.34141263867905,-5.859486177583651,-28.272984788034258
2019-03-09,-6.57670362704879,-5.638217823469438,-5.410593751127147,-28.057785818649005
2019-03-10,-5.691477478732664,-4.379613519364792,-3.3088256396810336,-27.103855995716565
2019-03-11,-4.716220859073633,-5.123602536084835,-1.9948604492629742,-27.508156546066918
2019-03-12,-5.046074897296729,-4.194510950875064,-0.2542963020974476,-28.520333536746723
2019-03-13,-3.102710248320248,-4.444329262872807,-1.428582783018489,-27.556443890182013
2019-03-14,-3.2994385779722926,-3.4389240123795117,-2.294943493157154,-26.33165491590668
2019-03-15,-3.2369434501064474,-2.98954234775359,-3.97094009207816,-26.55749500926151
2019-03-16,-3.7351591098129755,-1.6683898979986551,-4.7043472043648125,-27.00152224003746
2019-03-17,-3.4989938630711914,-3.0081078554739022,-4.277629892936567,-27.681078804762823
2019-03-18,-3.0468631054824638,-2.713782142579886,-6.24019985412772,-26.54081056012227
2019-03-19,-2.2962728746177605,-4.894390578973164,-3.319663952599693,-26.45630508281565
2019-03-20,-1.478459829846377,-4.407971907898026,-4.143713613723596,-24.819724315346985
2019-03-21,-2.2612154409286105,-5.2247775625519886,-4.732858507702691,-25.566874131224647
2019-03-22,-2.23859529418517,-3.876030741622987,-5.871286470110143,-26.239206018309858
2019-03-23,-1.6699641329286001,-2.742245159901495,-6.232595335082803,-26.41259596500394
2019-03-24,-2.109564513931201,-2.067133448599165,-5.953533622177255,-26.018114092488208
2019-03-25,0.28402802322989906,-1.2217174404591211,-4.749700050415054,-26.56564561221515
2019-03-26,0.45204853640865844,-1.147539788783355,-4.694440500752793,-26.561162271686353
2019-03-27,0.536401632464476,-0.7139437664415172,-5.05026929833326,-27.649303545446212
2019-03-28,0.5320203945075882,-1.1640577585626595,-4.121517308235482,-27.923061881334874
2019-03-29,-0.0986356989419317,0.5389879252504113,-2.6046519053975308,-26.824094348486963
2019-03-30,-0.06597749307455467,-0.631879896732142,-3.9660333321731165,-26.64926538202583
2019-03-31,-0.6996938642068922,-1.5098278940590169,-4.4141233481247895,-26.564038540377236
2019-04-01,-1.0219181741181325,-1.3976310035627737,-4.471659357987971,-27.476002393154918
2019-04-02,-0.6884638607886717,-2.135346482417825,-3.3570071356349978,-26.625159818825143
2019-04-03,-0.7507472260926692,-2.7048093685096264,-2.795109352708893,-26.626177561031536
2019-04-04,-0.37025487581991434,-3.0032036965385416,-3.1961174271516812,-28.367527515613734
2019-04-05,1.9186821766490882,-4.078026487120964,-3.7520287864910236,-31.143093247598635
2019-04-06,2.9924575394035013,-5.809512036305725,-4.107161762833378,-30.583516505389703
2019-04-07,2.2766600038863434,-6.343077299979785,-5.726929037216163,-30.829988057626636
2019-04-08,3.0134843991268405,-7.391167075340939,-4.361827985839193,-29.81439624817431
2019-04-09,0.7802550386561209,-7.850262023819166,-5.00291538834653,-29.024184050132384
2019-04-10,0.8667661200561079,-7.538779346246922,-4.430123625119289,-30.560775742599915
2019-04-11,3.3407989785378667,-6.606992636533879,-3.4108924871608584,-30.392191871161003
2019-04-12,4.099777493103776,-7.266547407267461,-3.444783568825267,-30.054886368698423
2019-04-13,2.929037094780246,-7.059330777281151,-2.513220011907775,-30.469149041193955
2019-04-14,4.125379719563755,-5.9871563030112,-1.2199614896838944,-28.987265585960706
2019-04-15,4.905668317463179,-6.051120795980717,-1.5682932528668903,-29.179185632731084
2019-04-16,5.161028866341028,-5.656796412439767,-2.235309515947579,-28.664724406124876
2019-04-17,6.052303038329936,-5.7772129239715895,-0.8604666032668293,-28.384587073265198
2019-04-18,4.881502470676627,-7.621301716774869,-2.3052162864985792,-28.393931902976288
2019-04-19,5.859090007944105,-6.265796424423035,-3.3908310880718773,-28.42341797152235
2019-04-20,6.274308372928189,-7.499727403954519,-3.884263798311911,-28.036243069127174
2019-04-21,7.66928757175708,-7.509143911004417,-3.2257797639644967,-28.48244557846763
2019-04-22,7.4125903139859926,-8.184571129182256,-4.042520464004676,-29.25898267235844
2019-04-23,6.454146005119415,-9.838521056077246,-3.2021115552055788,-30.72097713143464
2019-04-24,5.935490544904596,-9.589277047627466,-3.1636655344686098,-30.8947068470338
2019-04-25,8.76814250803626,-8.607157696232631,-2.276413618517892,-31.505083121190125
2019-04-26,8.098555450145286,-8.615866081019353,-0.6702971130899691,-32.14288809426845
2019-04-27,9.491763865661774,-10.75334905530013,0.01124458562914088,-31.723491352493678
2019-04-28,8.786612393184608,-9.525458899091692,-1.1617139277553683,-31.76276132454207
2019-04-29,8.613546145687573,-8.489278253399545,-1.7183130520324634,-31.608541434852288
2019-04-30,9.104627925440997,-8.598332200459204,-1.165416288971302,-31.532294398331945
2019-05-01,7.599750800872911,-10.345670379302073,-0.32050105662230377,-32.423074252497145
2019-05-02,7.750645530473544,-11.894045173638004,-2.019049069556965,-32.06599948468229
2019-05-03,9.38889324767862,-12.98401285689526,-2.04851660086974,-30.820922950040323
2019-05-04,9.19238601416584,-13.858938929936187,-0.2870365256501144,-30.636234462930553
2019-05-05,9.735296263871735,-12.444148005125626,1.0726829867375542,-31.374390504371096
2019-05-06,11.196141575782859,-13.477102876577934,2.654327314500395,-31.652840920446074
2019-05-07,9.685508023597023,-12.143603685530806,2.021575091712186,-31.81325488339742
2019-05-08,8.876862525591735,-11.035202674804907,2.3057401372358672,-31.12765798939576
2019-05-09,7.584794996712867,-11.906689404860584,2.789297094085763,-32.27333213537564
2019-05-10,7.537771853018855,-11.322543809155185,3.5794576744555373,-32.46852343113627
2019-05-11,8.933222191929833,-11.684426697716845,3.554539751034486,-31.511646317932176
2019-05-12,7.958987849875408,-12.36067472027742,2.557698732435796,-31.34844734766732
2019-05-13,8.708173513885917,-14.075210274001623,1.0717042125931322,-30.46710836632512
2019-05-14,8.402427131702028,-12.765208361949362,1.2455992872650459,-31.740390576683144
2019-05-15,7.884594523525996,-12.639607647440432,1.9909294294701665,-31.9767047470424
2019-05-16,7.248525259901557,-11.570761077342798,-0.11640423331080108,-32.00308209036729
2019-05-17,7.811900371867175,-9.679136800522834,-1.362826491444313,-31.236545589576703
2019-05-18,8.378354698968632,-9.253595103274336,-3.2987569808022403,-28.875432397060656
2019-05-19,9.19321196561124,-10.306596268538147,-4.109854971471542,-28.55912824167367
2019-05-20,9.039464285967753,-10.349925483300074,-4.0176416716848395,-30.527178793834516
2019-05-21,6.851957757795308,-10.653565553390075,-3.369487730694317,-29.9621193758658
2019-05-22,7.314288581351172,-10.701932631515554,-4.268404374532978,-30.736718779497103
2019-05-23,6.974522120085248,-10.031887496179255,-4.126956718103606,-31.030099860683997
2019-05-24,5.712127392570012,-10.727910891266674,-5.316512024807601,-30.96456428419553
2019-05-25,6.335501296667077,-10.22144835091136,-6.356291823608045,-29.725235955868165
2019-05-26,7.357516554515984,-10.443033703113189,-7.743481871122416,-29.681871661431554
2019-05-27,7.561837836270982,-8.677808014196648,-7.827705745169345,-29.380120629458602
2019-05-28,9.043073218870326,-6.892831184726145,-5.245709709026526,-28.63020298164339
2019-05-29,8.999503101128184,-5.253565097316891,-4.1115854455465035,-29.64092151513118
2019-05-30,9.708302907069482,-5.20591133016547,-4.713055008007788,-29.00278178918062
2019-05-31,10.01044755405995,-6.558814684624744,-6.710898402465031,-29.07976902194697
2019-06-01,11.854887039288993,-5.291103336620728,-7.5468611206070655,-28.78742711461818
2019-06-02,12.576526861721732,-4.505578434574145,-5.021767209534046,-30.312988607890663
2019-06-03,13.038527339185295,-5.147105094065506,-5.8073788536537645,-28.61401884218482
2019-06-04,11.479096864443587,-5.317437921038195,-5.352594016435619,-28.04430703298848
2019-06-05,10.70480755787215,-7.041195162470983,-6.288142313804856,-26.89369444294873
2019-06-06,11.491172715714736,-7.809520256926081,-4.554958126247905,-27.48077347456949
2019-06-07,12.251578870286044,-8.609470346321105,-5.588672444341276,-27.22979152328663
2019-06-08,12.117020811626565,-10.81146063112205,-5.766576918372348,-27.791877290654767
2019-06-09,11.767225907565276,-10.644681778983944,-5.30694300379961,-26.406572889435925
2019-06-10,10.962966313935077,-12.136304635469045,-7.847028303848732,-27.863735939871646
2019-06-11,11.852955792464256,-12.593556867742896,-7.984368901441646,-27.251705994536863
2019-06-12,12.09455515287817,-14.966653519710285,-8.021193450962349,-26.842151310816714
2019-06-13,10.492772978496792,-14.450781755395862,-7.270781592955696,-27.001532867553895
2019-06-14,12.257567343532177,-15.737767223837691,-7.041034183075211,-28.164851108702166
2019-06-15,10.764835045473234,-15.423666577804683,-7.812063007302784,-27.674242191760026
2019-06-16,10.806556910307851,-15.079335866370837,-7.531608342511507,-26.435406324290337
2019-06-17,10.744303711074757,-13.93062839253646,-8.28733808265475,-27.360876807830934
2019-06-18,9.330560306398313,-13.389802561202188,-8.955602080206868,-27.41700281963661
2019-06-19,9.108059376283306,-12.209060288561592,-7.761090886995547,-27.86060714843173
2019-06-20,9.51226162513516,-12.842436345394725,-7.111596230424169,-28.78895625948962
2019-06-21,9.175235462305553,-13.387964520626278,-7.958027432076321,-28.84750104032441
2019-06-22,7.5654137512902295,-12.66297392483828,-6.554038588693171,-29.00695956790073
2019-06-23,7.886707807323921,-11.770423174230226,-7.007825578249439,-28.484053411712445
2019-06-24,8.040925211342714,-13.46857425903964,-8.258826013457952,-28.56434509231008
2019-06-25,7.510366039283265,-13.843054950876926,-7.738553212417338,-30.2845379473425
2019-06-26,8.118625951569102,-13.119296859336023,-6.787015799212319,-28.318435203701046
2019-06-27,7.8741681735318885,-13.761799883583834,-6.466452339121541,-26.821384108197698
2019-06-28,9.070328912492801,-12.91741002275242,-3.9055861094449016,-27.481730455050094
2019-06-29,11.695710307359333,-14.359807572852018,-3.5456132651595214,-24.93475463285479
2019-06-30,14.389516030668375,-12.681531112710356,-6.0099881629949605,-25.871652368233924
2019-07-01,13.334949806938925,-12.986405872498493,-5.646585461997756,-26.70356888315106
2019-07-02,14.830541976973624,-11.936816639019996,-6.431346294000176,-28.291768372226702
2019-07-03,14.088173857909272,-12.191258405481028,-5.213118000614646,-28.97328075640649
2019-07-04,12.618303646614073,-11.33980433913394,-4.782756414323221,-30.431386085419298
2019-07-05,10.2923670828618,-10.78072359369233,-6.723191728342142,-31.026224225116337
2019-07-06,9.028355091941355,-10.05359121218781,-7.722940053356801,-31.418675686127052
2019-07-07,8.886397024581177,-8.49323964700234,-9.549861936488394,-29.849020427490572
2019-07-08,10.185647721969323,-8.962217255197153,-8.902906709540382,-29.926960667391615
2019-07-09,11.752473767850335,-8.913483364573834,-7.264067692027637,-30.17192962154677
2019-07-10,9.876820547373207,-9.665366731864431,-8.122990328940627,-32.11506240906142
2019-07-11,8.937228869631038,-10.271982346274234,-7.905173305354168,-32.61272513594178
2019-07-12,8.703201673371664,-9.185944919683067,-8.364460951864423,-31.13022652518381
2019-07-13,9.132329758031556,-7.422113385991169,-9.353223745563342,-31.685765323555195
2019-07-14,8.795117025655362,-8.438786502345035,-8.351695168650535,-32.636948156575365
2019-07-15,7.259143188157775,-11.214254262992991,-7.366485709636036,-34.261437601325525
2019-07-16,6.978607827123859,-10.705621416467649,-7.001717273219163,-35.54338455106723
2019-07-17,7.288645126495605,-11.542582500589711,-6.30122054160444,-37.24552596776599
2019-07-18,7.992853018668541,-11.630207689544758,-6.541441434881584,-36.545988927665626
2019-07-19,7.8781073966712345,-11.384831807033494,-4.618304058709612,-34.19650409596886
2019-07-20,6.349061739570158,-12.847220473315039,-6.712695178788403,-34.87091663383785
2019-07-21,6.154686530286426,-11.903524546432534,-6.047093238604182,-35.16191587652621
2019-07-22,6.597662868238512,-12.618103189486364,-4.10539134961583,-34.69685843009945
2019-07-23,6.5837553753524345,-13.327403295462869,-4.116085740257051,-35.15028764099573
2019-07-24,5.961095223644485,-13.952236449629536,-5.415865865876037,-36.04237766741446
2019-07-25,5.836407266665134,-16.268789435605512,-6.625934123806074,-36.27080256400896
2019-07-26,4.933600243388384,-15.851967972941384,-5.6805469844396255,-36.10517281556131
2019-07-27,4.283762126212889,-15.576295757829875,-6.672280960618163,-33.933379883560605
2019-07-28,3.107460349927453,-16.873817678436048,-7.9287915543032925,-33.694145108348124
2019-07-29,3.1953283286888374,-17.719639465173735,-9.00353871696625,-34.08812868506937
2019-07-30,3.5893289700296847,-18.11530986501879,-9.657263018487715,-35.45321157905377
2019-07-31,1.8980785377003657,-20.79861231032851,-9.79905903527101,-33.18721314507523
2019-08-01,3.8465616175146624,-19.774939997168964,-10.796252984624426,-32.76748547716434
2019-08-02,4.206517656611942,-17.627872777415913,-11.346284169786143,-32.81543732586177
2019-08-03,5.187643159767353,-17.44888886195484,-10.601045323588034,-32.51163630722822
2019-08-04,5.8327887415089155,-18.22922625013945,-12.363716948428749,-33.31646925808094
2019-08-05,6.560786921276763,-17.864078455777875,-12.11592216767108,-34.31756134676448
2019-08-06,6.560801972590749,-17.26876675149145,-12.390518871548222,-35.14927960362565
2019-08-07,7.335351212277233,-18.23091656367103,-11.931842569453503,-34.94245302454637
2019-08-08,8.842039908117501,-19.099778012691978,-12.330136434997216,-34.141376140388175
2019-08-09,9.400022430980751,-19.95348460069076,-10.012207333794537,-34.322928944748845
2019-08-10,8.407015708892159,-20.58659644633324,-10.887488453503451,-34.346303853548584
2019-08-11,7.563562168081047,-21.83780109697131,-12.565132469899533,-34.51936560918948
2019-08-12,6.345554454761422,-21.976093181667895,-13.494143792371592,-34.84145231635808
2019-08-13,6.316516875226693,-21.622719142608073,-12.115398740602666,-35.789532904936976
2019-08-14,5.395798182607799,-22.172327404353858,-13.344512913784813,-35.889193144758735
2019-08-15,6.025512873141183,-23.890167390479668,-12.574337951559112,-34.97897580608149
2019-08-16,6.130523715838634,-25.654624077652812,-12.494159700712734,-35.52748434094458
2019-08-17,6.71478277584796,-25.194139606364285,-12.166133792410815,-37.07401602763938
2019-08-18,6.312203124279797,-26.561712321340153,-11.424420560347599,-36.03345758378025
2019-08-19,5.800893350585792,-26.751681482941105,-10.399173306742918,-35.52627550464274
2019-08-20,7.259698152876389,-25.45953448107008,-10.28891753401682,-34.07992068059749
2019-08-21,7.102123643875791,-26.79624820656225,-12.177371590299188,-33.470629006578925
2019-08-22,8.189275748506834,-27.17705748404719,-11.15673879667949,-34.28463119645493
2019-08-23,10.376744728892994,-27.3659701921276,-11.06081448228131,-33.028205948184116
2019-08-24,11.20300235075449,-28.174713310017605,-13.740497804628198,-34.11031797197946
2019-08-25,10.912586607609052,-30.023424511235312,-15.109968251805212,-34.278446316607
2019-08-26,12.518406922931781,-28.870251687047432,-13.844348582813435,-33.406703416580676
2019-08-27,12.127439418481963,-28.15325744764197,-15.105158041379202,-31.394039918975473
2019-08-28,11.958867035010144,-26.63293941982927,-16.45528184427114,-32.10126583339707
2019-08-29,13.463299889333019,-26.249974660805744,-17.322809260101753,-31.468993198759833
2019-08-30,13.643938958648784,-26.708867751957335,-16.26976908013993,-32.83503365957781
2019-08-31,14.121742000720298,-27.970633771497493,-16.872004907014595,-33.03465998545509
2019-09-01,15.356847298156664,-27.273451056005477,-15.93034997875574,-33.22938880649877
2019-09-02,14.973622756448531,-28.067710181077675,-15.603061980772498,-34.29889032688242
2019-09-03,16.3759794079223,-28.44224521125212,-14.909409369161128,-33.93272533863352
2019-09-04,17.42735442366393,-27.2984952956045,-15.17424400701598,-36.2118440553296
2019-09-05,17.659688933638655,-25.64723089848887,-14.830830822813923,-36.15114356760801
2019-09-06,17.78510832184146,-26.24976909728908,-13.422272174616532,-36.60337360845278
2019-09-07,17.523953726515412,-26.46821210577431,-12.902396436332992,-35.9009714217811
2019-09-08,17.89940121819994,-26.24472864610969,-12.134085183595147,-34.18080546395979
2019-09-09,17.297118221987933,-25.192622893653642,-11.71209306868552,-33.78095858993731
2019-09-10,16.94801689869718,-24.993819648719132,-10.00113700928838,-34.50641441512288
2019-09-11,15.766459950468533,-25.641393348131956,-9.663239463712179,-35.730096624354516
2019-09-12,15.05786623549541,-25.403513298510994,-10.295014822070225,-36.00035072106291
2019-09-13,16.05820809104935,-25.69637658894915,-10.660304325888843,-34.03959296706457
2019-09-14,14.172175355274918,-24.572526393070415,-11.624564873940699,-35.33699495271233
2019-09-15,12.864363525443334,-22.947173924757358,-11.055844920176463,-32.81274352909723
2019-09-16,12.811101688912636,-24.399400052409053,-10.830015535289535,-32.390676498877326
2019-09-17,14.932447649417494,-24.758074257236316,-11.043108869545133,-30.149785956162333
2019-09-18,15.863969597243996,-23.149217797262807,-12.12698652367005,-31.434766473717417
2019-09-19,15.10745190973022,-21.999206304257388,-13.232712655557654,-32.9374001112278
2019-09-20,14.625421791523818,-21.57704836544897,-12.93056251288022,-35.20744383656639
2019-09-21,14.569132915526026,-22.429959488214138,-12.320054131961449,-33.55803438588807
2019-09-22,13.539378430325057,-22.908756048313588,-12.382422115112004,-33.10402976974839
2019-09-23,14.871168677881156,-21.945852021953247,-12.348566113037771,-34.26794585276055
2019-09-24,16.671596959068935,-23.326964857143945,-12.414599114848734,-33.9935237356095
2019-09-25,17.6779102672983,-22.21372896431389,-11.262888615650366,-34.91765116425125
2019-09-26,17.109339160414518,-21.287850631601046,-11.093568476454209,-34.65389640051467
2019-09-27,16.5551644951702,-21.06630987959648,-10.834492384724102,-35.4513239010443
2019-09-28,16.06046298771463,-20.53322816419705,-10.126069426057331,-35.54595532737331
2019-09-29,17.222132479374384,-21.30697969087718,-9.031429009619528,-34.16063601117795
2019-09-30,17.507949588633146,-19.135382680810775,-8.630504764927089,-34.676534824725316
2019-10-01,16.694595531804435,-19.131656015985456,-9.01851408475242,-34.93898621265052
2019-10-02,16.32336747043154,-17.258351702408127,-8.61953952032812,-35.42530155726418
2019-10-03,17.637124573074118,-17.789161814377156,-9.146201803185644,-35.53828940520446
2019-10-04,17.894778606285502,-17.376206937591533,-8.820667574283199,-34.17992104343213
2019-10-05,18.30737109033324,-17.105988342701952,-9.539146877668346,-34.545237674022715
2019-10-06,17.210188022537242,-18.29706143185817,-10.74282419391383,-33.48536633116298
2019-10-07,19.469921418194044,-18.382811229969125,-10.637736886049638,-34.72346915536289
2019-10-08,18.5515878915813,-18.785003651471982,-10.74347916363968,-36.146723279481556
2019-10-09,18.638810084199104,-19.262649363268164,-10.726331768558733,-37.06689422331217
2019-10-10,17.849789350193273,-19.25211683609602,-11.654078712280533,-37.08776501609628
2019-10-11,18.050701619878836,-17.39324343977885,-11.065141643979544,-36.31768723860264
2019-10-12,17.84330897521611,-17.312481896110892,-10.98734112065371,-36.04149925831635
2019-10-13,17.43818229203015,-18.496643088675004,-10.483624309171935,-37.44259233700654
2019-10-14,16.473715489688093,-17.352667739220404,-9.763102985224103,-38.270668294218225
2019-10-15,15.142774370916348,-17.61110361173453,-9.532404274908872,-37.43175827798109
2019-10-16,13.518277615530543,-18.328067322082102,-9.565199032713334,-37.650277497148586
2019-10-17,13.722600070701189,-16.715776632489003,-11.302712892001813,-36.53085916990435
2019-10-18,14.156900795877926,-17.76492662900056,-11.832719542369967,-35.89228312375884
2019-10-19,12.523004718587217,-17.85598680001786,-10.513383696092253,-36.5697652536726
2019-10-20,12.272173203919943,-16.77699450381742,-10.936771001601235,-36.572722948457965
2019-10-21,12.796034392079166,-16.906171425210697,-11.301508934184008,-38.66734798870265
2019-10-22,14.675736746568418,-17.689227929344277,-13.011271969268023,-39.27620758648977
2019-10-23,15.229174607408975,-17.800696354386826,-11.982293803386737,-38.87773869531048
2019-10-24,13.786015407272284,-18.401706578486284,-11.539746258491805,-38.65841704742186
2019-10-25,12.628394075386142,-18.504458212326806,-10.49831616041116,-38.50849571360368
2019-10-26,13.793606888354768,-18.79563802128603,-10.019645121613065,-38.41351480424356
2019-10-27,12.427525587880796,-19.337233506964086,-10.02678609275601,-37.55150582619093
2019-10-28,14.39278296803159,-18.677492309825045,-10.355195049307351,-35.80776414819306
2019-10-29,13.974791039162602,-18.7405513819916,-9.28924145898319,-35.56018651986128
2019-10-30,12.165428948972068,-18.692993098495425,-9.361761136463015,-34.04285964701583
2019-10-31,11.095325523671658,-18.1929024876815,-8.046863482764547,-32.73384276756947
2019-11-01,10.823074407580396,-19.290139503297603,-8.533556263082199,-31.88595487243269
2019-11-02,11.063667972592564,-19.42433148727103,-8.984103045369901,-31.996698887370236
2019-11-03,11.085684402059385,-18.584279542212784,-9.73186111927094,-34.186522113145095
2019-11-04,9.509210058248035,-18.78275191671834,-9.537175494453312,-32.82383455236402
2019-11-05,8.531239027866182,-19.868791783235633,-8.980526204615018,-33.19190518730871
2019-11-06,6.738180662938287,-18.30814470032908,-9.899714265674909,-32.90449704391694
2019-11-07,6.742318469996018,-16.77421338126209,-11.013046257738054,-32.46668210936241
2019-11-08,5.552642131167938,-16.915487538918864,-9.241848390906869,-32.837966050175474
2019-11-09,5.673364338127605,-17.645116425088,-10.117337720661562,-34.875212846858254
2019-11-10,5.6973345920287715,-16.76163045750026,-9.376626294069975,-35.65127152682759
2019-11-11,4.256727638304454,-17.071138275937066,-9.648648634010854,-36.62570450137896
2019-11-12,3.732367886237233,-17.65583657481588,-10.341410444609116,-35.6702928199311
2019-11-13,3.73667333885451,-17.80284493659802,-10.848402541796444,-36.43911065165787
2019-11-14,3.604764595725178,-18.2921228606917,-10.240008433350763,-37.71516076637776
2019-11-15,3.8671985350659055,-18.92093168699789,-8.682543975473642,-38.275243885867496
2019-11-16,4.840334974711139,-18.7888158354393,-9.666030599786628,-36.43004222838272
2019-11-17,5.747973428608319,-19.44744630669792,-8.803843136004378,-37.94879343343979
2019-11-18,6.037702733195538,-18.678739358618596,-9.537997873704716,-40.93485821706745
2019-11-19,5.963273809897356,-18.57003052310232,-8.910560779904497,-40.11627063611429
2019-11-20,5.728605550018055,-19.254712368706674,-10.123791406367346,-38.5335365795185
2019-11-21,5.402537003497391,-19.7158422604082,-9.683383854407507,-38.82533998457048
2019-11-22,5.627180547865474,-18.315562688114987,-10.680328382681193,-38.85247976455907
2019-11-23,5.575953224882018,-18.23768426656342,-10.588367437893528,-37.85304075839523
2019-11-24,6.473305545819581,-17.78736463404166,-10.094200714666728,-38.03810469026974
2019-11-25,6.302260947526173,-17.95294544295449,-10.565131348872127,-38.975286690360626
2019-11-26,6.006219173028823,-17.807955048766217,-11.281276131855497,-39.592417218016934
2019-11-27,5.523768290732918,-19.917446983903027,-11.266707319726201,-39.62608605993266
2019-11-28,5.465058130782818,-19.752587458226007,-11.638706208203642,-39.490403912588356
2019-11-29,3.4619317222508172,-19.914453851415466,-9.95322930368796,-37.98156593784413
2019-11-30,3.4938996961869146,-19.697067924205008,-10.44895561828783,-37.512046443615986
2019-12-01,2.8049644149417916,-20.28522714993915,-11.483834121434699,-38.022406435934656
2019-12-02,0.7250087918661778,-21.98264625930914,-11.808145822757393,-37.38957110571998
2019-12-03,0.5660179898783417,-20.955260614753485,-10.64477078237665,-38.341327078534874
2019-12-04,-0.9105379851141981,-19.405017280959715,-10.780131365575237,-38.50665557692212
2019-12-05,-1.703688430021411,-20.196022004507444,-10.026642653435228,-35.868770807774204
2019-12-06,-1.5253309901625687,-19.573753532021584,-10.08216567964519,-37.9002878291406
2019-12-07,-2.4906532626217497,-20.910640710320617,-10.990312621660348,-38.76264658475282
2019-12-08,-2.2054273133852607,-18.465466250654284,-11.917560992376432,-35.63903182455394
2019-12-09,-1.4107198919688764,-19.98187646511747,-12.646671430109915,-34.7751352181154
2019-12-10,-2.157655584154485,-19.43963566266193,-14.542005190140719,-34.29008946941824
2019-12-11,-2.57051652870655,-20.910872735735484,-14.135488647192602,-33.79565999710019
2019-12-12,-0.8522512872004182,-21.06999935788463,-13.638245490511338,-31.983957420888014
2019-12-13,-0.4669279074482737,-20.40964546369014,-12.626091870665702,-30.604026617747127
2019-12-14,-2.0444950991119675,-20.32006440867556,-13.333702882081546,-29.617186312085877
2019-12-15,-0.5804808015696552,-21.663668561455786,-14.505477364443228,-29.73461291046931
2019-12-16,0.18156458263845032,-22.64579744934797,-15.469890224814016,-30.353638383573887
2019-12-17,0.28301640438444003,-21.256167033212527,-14.489847052790715,-29.584497213080773
2019-12-18,0.42173548527118526,-20.099501533260366,-13.832223203981048,-31.816137065634262
2019-12-19,-0.18175558335315473,-20.68128492060399,-14.60709621260777,-30.819504643759046
2019-12-20,0.6047661788461522,-21.59547223676119,-13.22236705434532,-30.07812185163965
2019-12-21,1.6627381954468807,-20.008468026467067,-13.817262510627247,-32.56594517005517
2019-12-22,3.404536667454427,-20.878117040112727,-14.936948199981774,-31.941955043406754
2019-12-23,4.395737518020298,-22.23422363104625,-15.747992630183003,-33.17573574888822
2019-12-24,3.8972163402507243,-22.378636389913797,-14.017127799618523,-33.716733018133546
2019-12-25,4.310566648190045,-21.08038436115894,-15.873482065841754,-32.8991828072207
2019-12-26,4.97663194472417,-21.136727106432478,-14.995710883034354,-32.199583978939835
2019-12-27,4.091995455777968,-20.11366935006029,-15.524863280628493,-31.65111661428738
2019-12-28,4.1056698884179195,-20.643922008210215,-15.973380027961877,-31.393210153909358
2019-12-29,4.060602715336683,-21.542376629322025,-15.209248453719558,-31.12143864536412
2019-12-30,6.125468469004268,-21.64315437654514,-14.048646385237388,-32.17752916825266
2019-12-31,5.92269887518818,-20.627010479038315,-13.551052091242976,-30.63432699412238
2020-01-01,4.770373205333495,-20.67944755622256,-13.994477913977649,-30.536536134253815
2020-01-02,4.540745216814475,-20.67324063603909,-13.42661313709523,-31.83786807512122
2020-01-03,4.544252754994572,-19.342590474654312,-12.247614998574958,-31.906447911541537
2020-01-04,4.2816423283849225,-18.27727320885975,-12.296763753322622,-33.05846593521127
2020-01-05,5.8226636515653585,-18.83190911646694,-13.482624943730126,-33.9915746243139
2020-01-06,6.613765856623862,-18.269490052002443,-14.88650104967044,-34.76904673752296
2020-01-07,7.593231673978661,-18.689776712904997,-13.701563061592237,-34.009845457018486
2020-01-08,8.165980500765897,-17.549143280846742,-14.535974117271776,-33.124803492138554
2020-01-09,9.320050444496186,-16.200799601155545,-14.532533725040357,-33.68788097325705
2020-01-10,10.678449359163789,-16.039215413646975,-14.022993097023377,-33.09683238443301
2020-01-11,9.531487209220742,-16.3026229488755,-13.749356255364876,-34.24397800482996
2020-01-12,9.639991398562948,-15.356033815221362,-15.885365900292612,-35.69884849099048
2020-01-13,8.958360555053282,-15.02000673411231,-17.144827342338242,-36.07143041806593
2020-01-14,8.510112273381274,-17.673078774345058,-19.2900456959935,-35.95130196686449
2020-01-15,9.18260565446294,-17.801817607646484,-19.025067126967276,-36.565582831604075
2020-01-16,10.33435088838761,-17.76851951273897,-17.99511246854474,-36.46100379803122
2020-01-17,10.756740962955947,-17.108376635421884,-18.580230684593918,-37.677465287429385
2020-01-18,8.033852381984422,-16.838880121779546,-18.17885301153302,-38.08993672298923
2020-01-19,8.43030050173331,-15.543571504614414,-19.17807635943656,-38.592456557760336
2020-01-20,9.17478330649725,-16.405045518438182,-18.87213394485812,-38.22823972137018
2020-01-21,9.045556877851961,-16.014948193762503,-19.48363301352159,-38.634594317212596
2020-01-22,9.907049601264129,-15.052841313081665,-19.402604625453662,-36.856847098174775
2020-01-23,9.535415492147289,-13.768396439228896,-19.57637923641345,-35.48466211774999
2020-01-24,9.362391966866934,-13.299242831315325,-18.464304356231956,-35.288717789858886
2020-01-25,9.185231631261525,-12.666623589551968,-17.33190313978165,-34.612628894916284
2020-01-26,7.62390896030959,-13.115656465384847,-16.428131052011878,-34.892772151137386
2020-01-27,6.562072035237019,-13.457647704870947,-14.339731571653171,-35.42914565305696
2020-01-28,6.168035943384328,-14.191140759354447,-13.783464082136177,-35.6951022330531
2020-01-29,5.256820890529262,-15.360616386886749,-12.756515670765564,-36.02608473604802
2020-01-30,4.647231781194539,-16.52402039864068,-15.508157068997154,-36.84141958966008
2020-01-31,4.372769366342047,-16.62023392989136,-15.962312909815488,-38.47191386999484
2020-02-01,4.356023403801542,-16.533631625646205,-14.887600373064975,-39.21098992333536
2020-02-02,3.5989925135406287,-15.38794495889236,-16.550569259305313,-38.846641522970536
2020-02-03,5.072061574637629,-15.176915647200028,-16.118281392157286,-38.01743380453268
2020-02-04,6.49218467804816,-14.670773160311487,-16.578136452110655,-38.58053776925022
2020-02-05,5.335467715138105,-15.576060264332998,-16.66216068624524,-38.28999637980008
2020-02-06,5.014749023408604,-15.495661787333592,-15.284603631704496,-37.31676027168424
2020-02-07,6.217846447496573,-16.036860988536613,-15.158569656956642,-39.11947977396471
2020-02-08,6.172126586944579,-16.031101383760003,-15.865225578406593,-39.89646631884473
2020-02-09,5.513558764648159,-14.888124120815352,-15.303553409618917,-41.11436131336838
2020-02-10,3.862115565620723,-16.452093999601765,-14.094216025211159,-38.730031507404604
2020-02-11,4.287584211041293,-16.86991511104646,-12.831738203617617,-38.46976689669556
2020-02-12,4.323553106144197,-17.258896013168258,-12.855664413078022,-39.256813286268795
2020-02-13,5.931535265181746,-17.58929486362574,-14.047191872291044,-39.695225621093776
2020-02-14,4.658218770842479,-18.578326725219526,-14.883210028328222,-39.20997468252621
2020-02-15,3.333796250792268,-20.068590051468373,-15.536881807100182,-37.35451371122551
2020-02-16,4.340556961131612,-19.87554255084474,-16.605268943101212,-36.85104507343563
2020-02-17,5.36639674640939,-19.045898099196528,-14.99819063090796,-35.357721351711874
2020-02-18,4.435116849115333,-18.30645216829715,-13.359980173695805,-36.78429174193227
2020-02-19,3.3738755416007047,-18.874015312720395,-13.468171413175225,-38.03190052792176
2020-02-20,3.434871844484552,-19.791007703621254,-13.461564880008305,-40.007165449475096
2020-02-21,3.4173791426268565,-19.544090727603127,-13.701401959810195,-41.04125557269234
2020-02-22,3.1552642274539227,-18.814146149848373,-14.21950244636964,-38.407120659931564
2020-02-23,1.858295263048834,-20.44261770405771,-13.547961712495892,-37.30969149273272
2020-02-24,0.20148232427090162,-20.115306564341704,-13.581542213591755,-37.825028951240206
2020-02-25,0.942955203684443,-18.90651494117548,-14.639118053719324,-38.31334478475451
2020-02-26,0.2199086568093167,-20.756881468073384,-13.700717494859441,-37.06698785122135
2020-02-27,-0.007071574288928656,-19.95131018851086,-14.412768418004557,-37.361270385251586
2020-02-28,-0.3856576241016596,-21.22029529191252,-14.78354726329569,-37.030295869490864
2020-02-29,0.24415944373275011,-21.174737212474074,-13.7440400535487,-36.56780657938388
2020-03-01,0.5605075590530596,-19.538745216946978,-11.69110103934702,-35.780193795663834
2020-03-02,1.1088301260899076,-18.270359769582562,-9.59873814146333,-34.76555798822881
2020-03-03,1.2099288555094931,-19.696732740259566,-9.449937574237016,-35.6884500205168
2020-03-04,2.1170541678423964,-18.603308103403673,-8.236153287441498,-35.527795026485705
2020-03-05,3.6396139841519553,-17.552142172492967,-10.11533690218839,-36.2051366390403
2020-03-06,2.464355497163835,-17.434512445023273,-10.606108601538612,-36.57076564565946
2020-03-07,3.139964480296832,-17.339429654708056,-10.042270817005013,-35.93570645755073
2020-03-08,2.737302501233425,-17.30271981034264,-8.926393308594125,-34.92333001256175
2020-03-09,2.771479819798371,-18.729880015356382,-11.09759514127963,-35.483981152318364
2020-03-10,3.5899184684875296,-17.72494975888198,-9.48303255616505,-34.93808813125258
2020-03-11,4.601404080026731,-20.0594094734528,-9.190640455046479,-34.041010076257216
2020-03-12,3.204873370554588,-20.71737079177662,-10.403324203223203,-34.77959650399578
2020-03-13,3.4021538688830804,-22.159198036438063,-11.443595436779828,-33.258267246770316
2020-03-14,3.6128702101077734,-21.724821847666327,-12.064375522097258,-31.962753195998705
2020-03-15,2.94099598987093,-22.789354729831587,-12.85733050955108,-30.04234907516182
2020-03-16,3.253703127258378,-20.088842282572525,-11.505703685811744,-28.459940632109603
2020-03-17,3.2078074221111303,-18.813719100012932,-11.395023287844358,-28.107627918935133
2020-03-18,3.424374541629499,-19.30923674674022,-12.0848659255783,-26.781619374875866
2020-03-19,2.950757318674855,-16.940125233821284,-12.765685385545417,-27.938817463724302
2020-03-20,2.3431205582006753,-17.087718482832884,-10.95322706379,-27.10544840275819
2020-03-21,1.3617405688075435,-17.902534681040088,-11.44874400102204,-25.81716064244674
2020-03-22,0.7722390134729106,-18.264784207204034,-10.746516138036029,-25.582786332975
2020-03-23,2.216341352952998,-18.36259476088304,-10.845394916230672,-22.690022680363537
2020-03-24,3.355530145158337,-16.73816654996478,-10.411693639687892,-20.85946758408772
2020-03-25,2.5762289078973724,-15.090561806059645,-10.939699669810068,-20.688021129580513
2020-03-26,1.3905595683667982,-14.032147008095983,-11.8399887631473,-20.494127229487972
2020-03-27,1.3719875783792885,-13.499882138903741,-11.22368008937047,-19.50638709219784
2020-03-28,1.4952418315006266,-13.909131548040579,-12.234663855946028,-19.518412951968795
2020-03-29,0.47497862841177585,-13.001733248317164,-12.418556121014024,-19.788028538565534
2020-03-30,0.912324736387108,-13.560280256113101,-12.56791063125947,-19.3888307813957
2020-03-31,0.1548663512118751,-12.48666293333267,-13.324723305303568,-19.588728006952554
2020-04-01,1.9032865151543725,-13.486226470670513,-11.810090185046407,-20.338577981193612
2020-04-02,3.0092196239071853,-11.212041313353868,-13.069562495166435,-21.0150711119819
2020-04-03,3.9891772285952083,-11.006095305181585,-13.369864793801895,-22.312558553671963
2020-04-04,5.783169224310194,-10.750907306469024,-13.414667511563305,-21.51789154678459
2020-04-05,6.5229392502193475,-12.163037174287052,-14.392990228742878,-21.229589867006133
2020-04-06,4.967134143755035,-12.757799585481846,-13.884903122220168,-22.117527057916956
2020-04-07,5.928078424091165,-12.498257125209172,-12.487049206863189,-22.578486870682948
2020-04-08,6.355107800271904,-13.377901196146919,-11.724856103390215,-20.808738526341575
2020-04-09,6.063543162088294,-11.678478747292319,-12.232195388454244,-21.044699995231472
2020-04-10,5.563930851769358,-10.374198422658917,-10.942924603414063,-20.780307785892074
2020-04-11,5.2678621844950095,-9.140472905573203,-11.974825072206341,-20.130880091542952
2020-04-12,6.959195835749225,-10.068150802745395,-12.846146550228468,-19.50734045184344
2020-04-13,7.89070481593838,-8.465242416006326,-10.627016196745856,-20.588372909182272
2020-04-14,6.234305956681085,-9.66514717462476,-9.903232792819022,-20.943801604091302
2020-04-15,6.838328898933142,-9.117040788510204,-8.197747918418582,-20.37627290734314
2020-04-16,6.488506336038687,-8.913569302224003,-9.542517123739984,-21.35055354593111
2020-04-17,6.2956616240819345,-8.874719610441938,-10.233271721490222,-20.53558463119454
2020-04-18,5.642138291242837,-8.631652584164295,-11.071805362236883,-21.05179908094139
2020-04-19,5.673698357319847,-9.311083025388156,-11.465712587789842,-22.1753800623417
2020-04-20,5.625622714478262,-10.46635670967097,-11.31006938717008,-23.2782726672536
2020-04-21,4.592309718164674,-10.327504234010513,-12.074770790542543,-23.109342573960646
2020-04-22,2.4742949077945484,-10.277589260995123,-12.3469316645166,-21.659591000406927
2020-04-23,3.8336262769707803,-9.32752218711425,-12.773607423051873,-22.337965600339633
2020-04-24,4.26357266849642,-9.583315472679638,-12.479823865223521,-21.704379111579517
2020-04-25,3.4891531645409466,-10.148129507635792,-12.815297298396608,-21.534303243622542
2020-04-26,3.4583464595621067,-9.8744775899282,-12.563275982291886,-21.44351922927044
2020-04-27,4.222183796719361,-10.061576503528215,-12.957728106040946,-20.35284224802625
2020-04-28,3.875402741348438,-8.96723192068535,-12.440122229125064,-20.73682028288761
2020-04-29,4.002608092058124,-9.019131019987835,-11.582049390639067,-21.803592948303738
2020-04-30,2.049273241236718,-8.320177639531437,-11.024736811903963,-20.37894435988789
2020-05-01,3.3441265074263384,-8.769933766019971,-12.256612600089142,-19.943751764551934
2020-05-02,2.2174023075767755,-9.338994062796342,-12.491141774851922,-20.286677165641514
2020-05-03,1.1872022016817991,-7.901365106350978,-10.931145040718198,-21.62264479739559
2020-05-04,2.2063839152921263,-7.673123089193354,-10.33695261327818,-21.590308101452756
2020-05-05,0.8343846131235084,-7.141621179640351,-10.299870858881242,-21.082400028012266
2020-05-06,1.723487312671537,-7.664678923099296,-10.861473921255401,-21.579738763571502
2020-05-07,0.6491499850849889,-7.8233167812978275,-10.88965412716618,-20.81892797773638
2020-05-08,-0.39505418180798024,-6.266398731408381,-11.934564635234157,-22.50883336850421
2020-05-09,0.48795150797830733,-8.159275555897576,-12.404781372337304,-24.303347560807435
2020-05-10,1.058138296626702,-6.637535856438971,-12.813150200637741,-23.698073394132425
2020-05-11,0.8260466203905972,-7.9624970094058245,-11.578051357129038,-22.440918358121266
2020-05-12,-1.6236830852800448,-7.097635974438327,-11.934646532238993,-23.659002658672833
2020-05-13,-1.8311631373125312,-7.056771217138806,-12.911317376285567,-24.68351351694617
2020-05-14,-1.42681658840644,-6.893471844111302,-12.50768651454704,-25.355986751256193
2020-05-15,-2.0618713920398846,-5.404359176663541,-12.017197447216697,-22.58362724970998
2020-05-16,-1.3373735849778838,-4.991702093991776,-13.219716475149397,-22.933337324496538
2020-05-17,-1.2248126598834383,-3.67828295569568,-12.570335887818704,-22.4150697127137
2020-05-18,-0.9760224471553642,-3.3102870996071863,-14.506713438889424,-22.37692192697064
2020-05-19,-0.050149585857655055,-1.8855705708485588,-13.489794207763953,-20.898758966522767
2020-05-20,0.713749707283576,-1.318291166745642,-14.088484738260153,-20.156611367759137
2020-05-21,-0.7448274442201358,-2.183328868926604,-13.438803285672524,-21.50354910130311
2020-05-22,-0.7591339043093479,-2.627268364138688,-12.796924873301641,-19.74231605304166
2020-05-23,-0.2605246243599174,-0.99002166743467,-13.650627794561645,-18.586406764063728
2020-05-24,0.5310492622969228,-2.827985247487212,-13.99759061326669,-19.845713369130195
2020-05-25,1.2556239075455433,-2.8020963716434855,-15.586134116277542,-19.167637736252356
2020-05-26,1.4607483623756015,-2.7563862078242343,-16.365303684946607,-19.922915093110703
2020-05-27,2.7798400003769705,-0.2597038552803905,-16.010643424647647,-19.136500391121036
2020-05-28,2.344728064281616,-0.8227083349562614,-16.804102400791066,-18.604265530540207
2020-05-29,1.685659898319816,-1.0611902094703018,-17.172840898577313,-17.55242119769865
2020-05-30,2.34582199468414,1.00334496572684,-18.608213482135355,-18.41829186631835
2020-05-31,0.5187127805998557,3.4392157907308474,-21.68513233785183,-18.813353677583283
2020-06-01,1.0305771692202648,4.548376157836735,-21.382075392571632,-19.3664637407392
2020-06-02,0.7352782424473685,5.144698913887574,-22.826750916571015,-19.744236999455378
2020-06-03,2.4395227847874628,6.284850401100445,-20.95144360592126,-20.39871956968492
2020-06-04,2.5473340762889047,7.03442528795141,-20.085362235548807,-21.38659313476215
2020-06-05,4.711426457558679,6.907920518542586,-20.26880168747487,-20.480634696296523
2020-06-06,3.7885275774659815,5.71590418424344,-20.286041250267107,-21.35889547053194
2020-06-07,4.054653461618807,5.411705821037205,-20.921892979650845,-19.514550115395583
2020-06-08,3.4383224109654438,4.2845532262469135,-20.804238264245846,-21.444035856850768
2020-06-09,3.6122467276125967,3.80343847383254,-21.199006566991137,-20.164722233690238
2020-06-10,4.272863195813904,4.410023976299163,-19.582060179698047,-20.563875999249856
2020-06-11,5.66203584170099,3.9740842682542294,-18.021676907191075,-20.758337649460973
2020-06-12,5.903329838514476,5.980376842427942,-19.787684852292124,-20.02747430651185
2020-06-13,4.3463340296468,6.657911349945072,-21.807410509271453,-20.76648670041002
2020-06-14,4.143961802251743,6.2082005260138535,-22.340669988541325,-22.22926979212233
2020-06-15,4.797603611415303,7.7205108554389605,-21.926179534114677,-20.671523292272482
2020-06-16,5.0908772506709115,7.789692795960136,-21.632757382886968,-18.966324100462764
2020-06-17,5.433684866858221,8.516325191012989,-22.80477373206496,-21.199354522738894
2020-06-18,4.993521692323731,9.679390124717447,-23.25532694864225,-20.126796782098644
2020-06-19,3.531898880213806,8.254323594265662,-23.28986340031191,-20.307784471172862
2020-06-20,1.3145244357106511,9.08972648073902,-22.652020963340778,-21.591132276711907
2020-06-21,0.7583829577219023,10.262984874865227,-22.610016895254613,-21.87301752443564
2020-06-22,0.6254601749541946,8.901340617069367,-22.34331435260316,-24.45778460998061
2020-06-23,1.3294885954565347,8.352922358151421,-23.81088509683821,-25.849513661905135
2020-06-24,0.8623352408941203,8.567011895495062,-21.433622560844746,-26.966335213275165
2020-06-25,-0.08716326377130323,6.972083395685861,-20.194917092471112,-28.338345930804277
2020-06-26,-1.19006882160238,6.958694008137855,-19.915917307363628,-29.020994458162832
2020-06-27,-1.793935695005433,7.730537137294498,-18.039839719121797,-29.336739587917418
2020-06-28,-2.3463956025526747,7.16507175489133,-18.661125738045364,-29.429984325140175
2020-06-29,-2.1398700135394013,7.666876570248008,-17.542643524110947,-27.881146951226594
2020-06-30,-3.1840473381208616,8.834941589339238,-16.98557155483849,-27.75397155162923
2020-07-01,-2.665149886321086,8.625146418981064,-15.79132990526027,-26.39602031580738
2020-07-02,-3.0540650465902077,8.858101850429914,-16.715229601103786,-27.294716011567274
2020-07-03,-3.2952992355391513,9.903620223432993,-15.16626425851322,-28.133589822859754
2020-07-04,-3.727140921045541,10.805240800872083,-14.117233488171312,-29.219869039880592
2020-07-05,-5.547803428334274,9.892154275749926,-13.324491615321321,-28.80490998103911
2020-07-06,-6.897814240316883,10.954953490651532,-13.0040279748879,-30.156507178107514
2020-07-07,-7.032918552579379,11.461313517553446,-10.952505820856082,-29.46526987086577
2020-07-08,-6.57257505905409,11.435221094916658,-10.516885605468525,-27.713965179256675
2020-07-09,-5.573181537346757,12.438876265986346,-11.836099867953806,-27.078271293869875
2020-07-10,-6.360965642213748,12.1542814093792,-9.696107718345498,-27.671585169007543
2020-07-11,-7.787844145481567,11.165126243233638,-9.875528809744452,-27.75856123105796
2020-07-12,-9.538838068195954,11.654489556106508,-11.026399913472968,-28.888289551585874
2020-07-13,-8.584931594892003,9.483820488297035,-12.218675582860174,-28.31472746568582
2020-07-14,-10.091078385617463,8.63612053856589,-13.37268646871401,-27.49053810532204
2020-07-15,-10.140820633860589,9.156550824143807,-14.492337033543684,-29.475591626832106
2020-07-16,-10.570376931801572,9.058486641314095,-14.23456862508997,-28.5939739272875
2020-07-17,-8.76347997653211,10.39823882188959,-13.074732452885648,-28.0170739350352
2020-07-18,-10.288748833845904,11.06375360431942,-13.388145674923852,-27.837124063956892
2020-07-19,-10.375359277880785,11.167569428584882,-13.096668524442155,-27.642456282280087
2020-07-20,-10.727363058287521,12.248951004073783,-11.50301952788642,-27.05733910738907
2020-07-21,-10.051519632965242,13.076595839266114,-11.387642177158565,-27.757257059802225
2020-07-22,-11.073093464466698,12.87868202316361,-9.560522864890395,-28.417258727187924
2020-07-23,-11.109779239386961,12.939740825595376,-8.796048343536615,-27.26450478196433
2020-07-24,-10.652891973766412,11.941308641355011,-10.881496090232332,-29.24870464610286
2020-07-25,-10.956092317205593,12.55501990358636,-8.548065096832698,-29.574815728767373
2020-07-26,-8.947795670940605,13.875244970682218,-8.71126131917263,-30.763703834912164
2020-07-27,-10.066595253201662,15.9240949550571,-9.10905698625076,-31.877783760040717
2020-07-28,-9.059544008013427,16.222052072241414,-8.432902734770458,-30.64773385230356
2020-07-29,-9.140436861498168,17.037469987632676,-8.043990360582454,-30.529863316106866
2020-07-30,-8.684875387410203,18.06738692506747,-8.097715103351591,-27.95485737704829
2020-07-31,-9.069023792474356,17.070237792340894,-10.12655573950986,-26.8870510591455
2020-08-01,-9.555010341428371,16.949951493687404,-11.649215879651445,-26.117617767046173
2020-08-02,-8.688606136563157,16.512957643439968,-12.010176066117385,-27.113704235958142
2020-08-03,-9.310000808345167,17.54723652495073,-11.257709682277444,-28.008163322111663
2020-08-04,-10.03400070159837,17.930398558445876,-10.904401955972148,-26.07018562815451
2020-08-05,-10.120917924413448,18.69755991806976,-12.876601996089914,-26.897312620735317
2020-08-06,-10.418709241551204,19.556455685072336,-12.701879271028481,-27.59395997914522
2020-08-07,-9.952687413014665,20.789409528037737,-14.097483590055676,-26.622013466915128
2020-08-08,-10.17731724080757,21.28996158807918,-14.077812686302993,-26.506287868745375
2020-08-09,-10.521441542226883,21.406805543420102,-14.636817637919052,-26.403772863303214
2020-08-10,-9.670275095960797,21.18481081217204,-14.433266904953742,-26.935202101865894
2020-08-11,-9.382366822390923,22.075101315726805,-14.043938967916365,-27.047938997136306
2020-08-12,-8.478546174631335,22.05914582540711,-13.979514199172394,-26.574107838776982
2020-08-13,-9.099004002800871,23.329240567621756,-13.161257604804403,-29.54654085291213
2020-08-14,-10.293105579596123,22.91451609734079,-12.780034480137031,-28.996679633175923
2020-08-15,-11.044190287758417,25.041322958654398,-12.067276194931884,-30.43424893468362
2020-08-16,-10.357606716679436,26.707591454423152,-11.295644095726024,-30.733975878684067
2020-08-17,-9.840315313455484,27.026479797466855,-11.960947670601069,-30.86499049962217
2020-08-18,-8.26199238959134,27.689836046903988,-11.936040117381431,-33.066347081477744
2020-08-19,-7.692814312222891,27.641748958242804,-12.356823569312082,-32.31940555828438
2020-08-20,-6.9018261952195425,28.10533014503101,-12.714440999753432,-33.03525068254983
2020-08-21,-7.657840541012651,26.797735742394966,-13.013736297286602,-32.4709950400058
2020-08-22,-7.535029783119426,26.70777701752689,-11.220591762768228,-32.65575896893999
2020-08-23,-8.200559510192196,28.116762552848556,-13.828613733296722,-32.809897314116796
2020-08-24,-8.120335392412814,28.082041379880323,-16.374491187956284,-32.884495579956166
2020-08-25,-6.841330864118171,29.584255556175467,-16.86251663913749,-33.29466106048392
2020-08-26,-6.390039085683525,29.572328138766785,-17.021587039177568,-33.91799335251143
2020-08-27,-7.265997387189587,30.86558887237546,-16.49677781226274,-31.634955918123417
2020-08-28,-7.1917994978634665,30.53139975203207,-16.38734997295212,-31.35818657111884
2020-08-29,-8.281187666293139,30.830354973013158,-15.359247192376207,-30.67005825563401
2020-08-30,-9.657090121981016,30.802896136598545,-15.925853483426122,-30.410640024333162
2020-08-31,-10.08127016528209,31.862588503145474,-17.23862501531,-31.04004412361872
2020-09-01,-10.417424673781364,31.845732132900075,-17.35623767359348,-31.363671130765653
2020-09-02,-10.095742702586907,31.116064804327415,-18.66636258469965,-29.672807973292585
2020-09-03,-10.014020983473966,31.19850129721387,-19.511722581499303,-29.65259109611234
2020-09-04,-8.829609432152633,33.03823684302337,-21.133913492291413,-29.063721395630445
2020-09-05,-10.34024621512097,33.69634936135683,-21.758162991210963,-28.094630031160705
2020-09-06,-11.69061875885811,30.025365180373402,-20.108776326102237,-28.283270587206403
2020-09-07,-11.012803983412642,30.94533028395043,-19.36679518391104,-28.13894858071
2020-09-08,-10.506983055844854,31.061136395273977,-20.28595533857819,-29.15639516143067
2020-09-09,-11.395391550253517,31.437199522325294,-23.410493796565927,-28.375615647758988
2020-09-10,-10.843657705863606,31.64852042953995,-22.725962955495614,-28.143590166066623
2020-09-11,-10.854810776575052,31.110219719124146,-21.816129111460263,-27.072847355045003
2020-09-12,-14.228635309207977,31.380870564038307,-21.643603527100833,-25.526666976221968
2020-09-13,-12.972403927213488,30.978188011560118,-20.233318271556488,-25.228776368214792
2020-09-14,-13.836971921792589,32.66469005317619,-19.313472742021688,-23.943572055524747
2020-09-15,-13.402706500264372,34.0210562845086,-19.823945718735587,-23.442211309081202
2020-09-16,-12.253036467936873,35.067839137665246,-19.959650571512167,-22.34780858702953
2020-09-17,-11.339382538208723,35.739737350093215,-20.23853423303727,-21.251372380042525
2020-09-18,-9.1133009404682,37.23186228639308,-20.056759023501662,-20.664174947095383
2020-09-19,-9.482647774694527,38.668445476862395,-19.970027112617405,-21.118486280806728
2020-09-20,-10.97875795947433,38.06725004629452,-21.217173023942486,-21.372118066346847
2020-09-21,-11.000943639857411,37.84379693704823,-22.963143940592335,-22.524262393057455
2020-09-22,-12.092402458440267,39.0625902247964,-23.858637169009718,-21.051051922685755
2020-09-23,-12.257709003169722,38.0610994449169,-24.12212398367419,-20.890071948428368
